Mr. Justice O'Connor | Mr. Justice O'Connor,. ,Justice,O'Connor
Mr. Justice Fret-man | Mr. Justice Fret-man,. ,Justice,Fret-man
Mr. Justice O'CONNOR | Mr. Justice O'CONNOR,. ,Justice,O'CONNOR
Mr. Justice O 'Connor | Mr. Justice O 'Connor,. ,Justice,O 'Connor
Mr. Presiding Justice 0'Connor | Mr. Presiding Justice 0'Connor,. ,Presiding Justice,0'Connor
Mr. Presiding Justice O'Connor | Mr. Presiding Justice O'Connor,. ,Presiding Justice,O'Connor
Mr. Justice G-ary | Mr. Justice G-ary,. ,Justice,G-ary
Mr. Justice O'Connor | Mr. Justice O'Connor,. ,Justice,O'Connor
Mr. Justice Wrig-ht | Mr. Justice Wrig-ht,. ,Justice,Wrig-ht
Mr. Justice G-ary | Mr. Justice G-ary,. ,Justice,G-ary
Mr. Chief Justice GO.LDENHERSH | Mr. Chief Justice GO.LDENHERSH,. ,Chief Justice,GO.LDENHERSH
Mr. Justice MARVIN BURT | Mr. Justice MARVIN BURT,. ,Justice,MARVIN BURT
Mr. Justice McCORMICK the | Mr. Justice McCORMICK the,. ,Justice,McCORMICK the
Mr. Justice O'SULLIVAN | Mr. Justice O'SULLIVAN,. ,Justice,O'SULLIVAN
Mr. Justice S CHEINEMAN | Mr. Justice S CHEINEMAN,. ,Justice,S CHEINEMAN
Mr. Presiding Justice BUR,MAN | Mr. Presiding Justice BUR,MAN,. ,Presiding Justice,BUR,MAN
Mr. Chief Justice Hol-lebich | Mr. Chief Justice Hol-lebich,. ,Chief Justice,Hol-lebich
Mr. Justice G-aby | Mr. Justice G-aby,. ,Justice,G-aby
Mr. Justice G-aby | Mr. Justice G-aby,. ,Justice,G-aby
Mr. Justice G-ary | Mr. Justice G-ary,. ,Justice,G-ary
Mr. Justice G-bbeh | Mr. Justice G-bbeh,. ,Justice,G-bbeh
Mr. Justice G-been | Mr. Justice G-been,. ,Justice,G-been
Mr. Justice Hig-bee | Mr. Justice Hig-bee,. ,Justice,Hig-bee
Mr. Justice O'Connor | Mr. Justice O'Connor,. ,Justice,O'Connor
Mr. Justice Q-ary | Mr. Justice Q-ary,. ,Justice,Q-ary
Mr. Justice Q-reen | Mr. Justice Q-reen,. ,Justice,Q-reen
Mr. Justice W aterman | Mr. Justice W aterman,. ,Justice,W aterman
Mr. Justice G-ary | Mr. Justice G-ary,. ,Justice,G-ary
Mr. Presiding Justice Q-aby | Mr. Presiding Justice Q-aby,. ,Presiding Justice,Q-aby
Mr. Presiding Justice G-eobge W. Thompson | Mr. Presiding Justice G-eobge W. Thompson,. ,Presiding Justice,G-eobge W. Thompson
Mr. Presiding Justice O'Connor | Mr. Presiding Justice O'Connor,. ,Presiding Justice,O'Connor
Mr. Justice Bi&elow | Mr. Justice Bi&elow,. ,Justice,Bi&elow
Mr. Justice Bueeougi-is | Mr. Justice Bueeougi-is,. ,Justice,Bueeougi-is
Mr. Justice Cabtweig-ht | Mr. Justice Cabtweig-ht,. ,Justice,Cabtweig-ht
Mr. Justice Dibell the the Court | Mr. Justice Dibell the the Court,. ,Justice,Dibell the the Court
Mr. Justice G-aby | Mr. Justice G-aby,. ,Justice,G-aby
Mr. Justice G-ary | Mr. Justice G-ary,. ,Justice,G-ary
Mr. Justice G-est | Mr. Justice G-est,. ,Justice,G-est
Mr. Justice G-reen | Mr. Justice G-reen,. ,Justice,G-reen
Mr. Justice G-reeil | Mr. Justice G-reeil,. ,Justice,G-reeil
Mr. Justice My'ebs | Mr. Justice My'ebs,. ,Justice,My'ebs
Mr. Justice O'Connor | Mr. Justice O'Connor,. ,Justice,O'Connor
Mr. Justice Pleas arts | Mr. Justice Pleas arts,. ,Justice,Pleas arts
Mr. Justice Lin,scott | Mr. Justice Lin,scott,. ,Justice,Lin,scott
Mr. Presiding Justice O'Connor | Mr. Presiding Justice O'Connor,. ,Presiding Justice,O'Connor
Mr. Presiding Justice O'Connor | Mr. Presiding Justice O'Connor,. ,Presiding Justice,O'Connor
Mr. Presiding Justice G-aey | Mr. Presiding Justice G-aey,. ,Presiding Justice,G-aey
Mr. Presiding Justice G-ary | Mr. Presiding Justice G-ary,. ,Presiding Justice,G-ary
Mr. Presiding Justice Puterbaugi-i | Mr. Presiding Justice Puterbaugi-i,. ,Presiding Justice,Puterbaugi-i
Mr. Justice Worthirg-toe | Mr. Justice Worthirg-toe,. ,Justice,Worthirg-toe
Mr. Justice O 'Connor | Mr. Justice O 'Connor,. ,Justice,O 'Connor
Mr. Justice O'Connor | Mr. Justice O'Connor,. ,Justice,O'Connor
Mr. Presiding Justice O'Connor | Mr. Presiding Justice O'Connor,. ,Presiding Justice,O'Connor
Mr. Chief Justice B re ese | Mr. Chief Justice B re ese,. ,Chief Justice,B re ese
Mr. Chief Justice B reese | Mr. Chief Justice B reese,. ,Chief Justice,B reese
Mr. Chief Justice Bee ese | Mr. Chief Justice Bee ese,. ,Chief Justice,Bee ese
Mr. Chief Justice Dickey : | Mr. Chief Justice Dickey :,. ,Chief Justice,Dickey :
Mr. Chief Justice Mag-ruder | Mr. Chief Justice Mag-ruder,. ,Chief Justice,Mag-ruder
Mr. Chief Justice Mulke-y | Mr. Chief Justice Mulke-y,. ,Chief Justice,Mulke-y
Mr. Chief Justice Si-ieldon | Mr. Chief Justice Si-ieldon,. ,Chief Justice,Si-ieldon
Mr. Chief Justice Cartwrigi-it | Mr. Chief Justice Cartwrigi-it,. ,Chief Justice,Cartwrigi-it
Mr. Justice W indes | Mr. Justice W indes,. ,Justice,W indes
Mr. Justice ' Crabtree | Mr. Justice ' Crabtree,. ,Justice,' Crabtree
Mr. Justice ABRAHAM SON | Mr. Justice ABRAHAM SON,. ,Justice,ABRAHAM SON
Mr. Justice ALBERT SCOTT | Mr. Justice ALBERT SCOTT,. ,Justice,ALBERT SCOTT
Mr. Justice DIE RINGER | Mr. Justice DIE RINGER,. ,Justice,DIE RINGER
Mr. Justice DIER.INGER | Mr. Justice DIER.INGER,. ,Justice,DIER.INGER
Mr. Justice GEORGE J | Mr. Justice GEORGE J,. ,Justice,GEORGE J
Mr. Justice GEORGE J. MORAN, J | Mr. Justice GEORGE J. MORAN, J,. ,Justice,GEORGE J. MORAN, J
Mr. Justice GEORGE MORAN | Mr. Justice GEORGE MORAN,. ,Justice,GEORGE MORAN
Mr. Justice GEORGE MORAN | Mr. Justice GEORGE MORAN,. ,Justice,GEORGE MORAN
Mr. Justice ICAR NS | Mr. Justice ICAR NS,. ,Justice,ICAR NS
Mr. Justice JIG ANTI | Mr. Justice JIG ANTI,. ,Justice,JIG ANTI
Mr. Justice KEITH SCOTT | Mr. Justice KEITH SCOTT,. ,Justice,KEITH SCOTT
Mr. Justice O'CONNOR | Mr. Justice O'CONNOR,. ,Justice,O'CONNOR
Mr. Justice O'SULLIVAN | Mr. Justice O'SULLIVAN,. ,Justice,O'SULLIVAN
Mr. Justice PUS ATERI | Mr. Justice PUS ATERI,. ,Justice,PUS ATERI
Mr. Justice PUS ATERI | Mr. Justice PUS ATERI,. ,Justice,PUS ATERI
Mr. Justice RE CHE NM ACHER | Mr. Justice RE CHE NM ACHER,. ,Justice,RE CHE NM ACHER
Mr. Justice RICHARD MILLS | Mr. Justice RICHARD MILLS,. ,Justice,RICHARD MILLS
Mr. Justice ST AMOS | Mr. Justice ST AMOS,. ,Justice,ST AMOS
Mr. Justice THOMAS J | Mr. Justice THOMAS J,. ,Justice,THOMAS J
Mr. Justice VAN DEUSEN | Mr. Justice VAN DEUSEN,. ,Justice,VAN DEUSEN
Mr. Justice VAN DEUSEN | Mr. Justice VAN DEUSEN,. ,Justice,VAN DEUSEN
Mr. Justice .Walicer | Mr. Justice .Walicer,. ,Justice,.Walicer
Mr. Justice Coo KB | Mr. Justice Coo KB,. ,Justice,Coo KB
Mr. Justice O'Connor | Mr. Justice O'Connor,. ,Justice,O'Connor
Mr. Justice O'Connor | Mr. Justice O'Connor,. ,Justice,O'Connor
Mr. Justice O'Connor | Mr. Justice O'Connor,. ,Justice,O'Connor
Mr. Justice 0'Cohhor | Mr. Justice 0'Cohhor,. ,Justice,0'Cohhor
Mr. Justice 0'Couhor | Mr. Justice 0'Couhor,. ,Justice,0'Couhor
Mr. Justice AVat.ker | Mr. Justice AVat.ker,. ,Justice,AVat.ker
Mr. Justice B re ese | Mr. Justice B re ese,. ,Justice,B re ese
Mr. Justice Bristow, also | Mr. Justice Bristow, also,. ,Justice,Bristow, also
Mr. Justice Bristow, | Mr. Justice Bristow,,. ,Justice,Bristow,
Mr. Justice Cartw'right | Mr. Justice Cartw'right,. ,Justice,Cartw'right
Mr. Justice Cartwbigi-it | Mr. Justice Cartwbigi-it,. ,Justice,Cartwbigi-it
Mr. Justice Cartwrigi-it | Mr. Justice Cartwrigi-it,. ,Justice,Cartwrigi-it
Mr. Justice Cooic'e | Mr. Justice Cooic'e,. ,Justice,Cooic'e
Mr. Justice C'Connor | Mr. Justice C'Connor,. ,Justice,C'Connor
Mr. Justice Davis, also- | Mr. Justice Davis, also-,. ,Justice,Davis, also-
Mr. Justice Davis, | Mr. Justice Davis,,. ,Justice,Davis,
Mr. Justice Denis E. Sullivan, J | Mr. Justice Denis E. Sullivan, J,. ,Justice,Denis E. Sullivan, J
Mr. Justice Dibell the the court | Mr. Justice Dibell the the court,. ,Justice,Dibell the the court
Mr. Justice Dickey, | Mr. Justice Dickey,,. ,Justice,Dickey,
Mr. Justice Dickey: | Mr. Justice Dickey:,. ,Justice,Dickey:
Mr. Justice Ea'rmer | Mr. Justice Ea'rmer,. ,Justice,Ea'rmer
Mr. Justice Farm:Er | Mr. Justice Farm:Er,. ,Justice,Farm:Er
Mr. Justice Farm:er | Mr. Justice Farm:er,. ,Justice,Farm:er
Mr. Justice Farmer, | Mr. Justice Farmer,,. ,Justice,Farmer,
Mr. Justice Fre,eman | Mr. Justice Fre,eman,. ,Justice,Fre,eman
Mr. Justice Fult.on | Mr. Justice Fult.on,. ,Justice,Fult.on
Mr. Justice G-aby | Mr. Justice G-aby,. ,Justice,G-aby
Mr. Justice G-arst | Mr. Justice G-arst,. ,Justice,G-arst
Mr. Justice G-arv | Mr. Justice G-arv,. ,Justice,G-arv
Mr. Justice G-bst | Mr. Justice G-bst,. ,Justice,G-bst
Mr. Justice G-est | Mr. Justice G-est,. ,Justice,G-est
Mr. Justice G-lenn | Mr. Justice G-lenn,. ,Justice,G-lenn
Mr. Justice G-oodwih | Mr. Justice G-oodwih,. ,Justice,G-oodwih
Mr. Justice G-ravbs | Mr. Justice G-ravbs,. ,Justice,G-ravbs
Mr. Justice G-raves | Mr. Justice G-raves,. ,Justice,G-raves
Mr. Justice G-rebn | Mr. Justice G-rebn,. ,Justice,G-rebn
Mr. Justice G-reen | Mr. Justice G-reen,. ,Justice,G-reen
Mr. Justice G-ridley | Mr. Justice G-ridley,. ,Justice,G-ridley
Mr. Justice GS-est | Mr. Justice GS-est,. ,Justice,GS-est
Mr. Justice Goldeni-iersh | Mr. Justice Goldeni-iersh,. ,Justice,Goldeni-iersh
Mr. Justice H^ard | Mr. Justice H^ard,. ,Justice,H^ard
Mr. Justice Hebel court | Mr. Justice Hebel court,. ,Justice,Hebel court
Mr. Justice Heesi-iEy | Mr. Justice Heesi-iEy,. ,Justice,Heesi-iEy
Mr. Justice Hers hey | Mr. Justice Hers hey,. ,Justice,Hers hey
Mr. Justice Hershey, | Mr. Justice Hershey,,. ,Justice,Hershey,
Mr. Justice Hersi-iEy | Mr. Justice Hersi-iEy,. ,Justice,Hersi-iEy
Mr. Justice Hersi-iEy | Mr. Justice Hersi-iEy,. ,Justice,Hersi-iEy
Mr. Justice Hersi-iey | Mr. Justice Hersi-iey,. ,Justice,Hersi-iey
Mr. Justice Hig-bee | Mr. Justice Hig-bee,. ,Justice,Hig-bee
Mr. Justice John J, Sullivan | Mr. Justice John J, Sullivan,. ,Justice,John J, Sullivan
Mr. Justice Klingbiel, also | Mr. Justice Klingbiel, also,. ,Justice,Klingbiel, also
Mr. Justice Klingbiel, | Mr. Justice Klingbiel,,. ,Justice,Klingbiel,
Mr. Justice Klingbiel, | Mr. Justice Klingbiel,,. ,Justice,Klingbiel,
Mr. Justice M a cruder | Mr. Justice M a cruder,. ,Justice,M a cruder
Mr. Justice Mag ruder | Mr. Justice Mag ruder,. ,Justice,Mag ruder
Mr. Justice Mag ruder | Mr. Justice Mag ruder,. ,Justice,Mag ruder
Mr. Justice Magbudeb, | Mr. Justice Magbudeb,,. ,Justice,Magbudeb,
Mr. Justice Magp.uder | Mr. Justice Magp.uder,. ,Justice,Magp.uder
Mr. Justice Matchett, J | Mr. Justice Matchett, J,. ,Justice,Matchett, J
Mr. Justice Mc'Surely | Mr. Justice Mc'Surely,. ,Justice,Mc'Surely
Mr. Justice McG-oorty | Mr. Justice McG-oorty,. ,Justice,McG-oorty
Mr. Justice McQ-oorty | Mr. Justice McQ-oorty,. ,Justice,McQ-oorty
Mr. Justice Me Surely | Mr. Justice Me Surely,. ,Justice,Me Surely
Mr. Justice Mg Surely | Mr. Justice Mg Surely,. ,Justice,Mg Surely
Mr. Justice Morrh-l | Mr. Justice Morrh-l,. ,Justice,Morrh-l
Mr. Justice Mp/tchett | Mr. Justice Mp/tchett,. ,Justice,Mp/tchett
Mr. Justice Niem'eyer | Mr. Justice Niem'eyer,. ,Justice,Niem'eyer
Mr. Justice O 'Connor | Mr. Justice O 'Connor,. ,Justice,O 'Connor
Mr. Justice O 'Connor | Mr. Justice O 'Connor,. ,Justice,O 'Connor
Mr. Justice O'Connor | Mr. Justice O'Connor,. ,Justice,O'Connor
Mr. Justice Op 'Connor | Mr. Justice Op 'Connor,. ,Justice,Op 'Connor
Mr. Justice O'Cohhor | Mr. Justice O'Cohhor,. ,Justice,O'Cohhor
Mr. Justice O'Cohxor | Mr. Justice O'Cohxor,. ,Justice,O'Cohxor
Mr. Justice O'CoinsroR | Mr. Justice O'CoinsroR,. ,Justice,O'CoinsroR
Mr. Justice O'Conner | Mr. Justice O'Conner,. ,Justice,O'Conner
Mr. Justice O'Connob | Mr. Justice O'Connob,. ,Justice,O'Connob
Mr. Justice O'Connor | Mr. Justice O'Connor,. ,Justice,O'Connor
Mr. Justice O'Connor | Mr. Justice O'Connor,. ,Justice,O'Connor
Mr. Justice O'Connor | Mr. Justice O'Connor,. ,Justice,O'Connor
Mr. Justice O'Connor | Mr. Justice O'Connor,. ,Justice,O'Connor
Mr. Justice O'Consroe | Mr. Justice O'Consroe,. ,Justice,O'Consroe
Mr. Justice O'CornsroR | Mr. Justice O'CornsroR,. ,Justice,O'CornsroR
Mr. Justice O'Correror | Mr. Justice O'Correror,. ,Justice,O'Correror
Mr. Justice O'Corror | Mr. Justice O'Corror,. ,Justice,O'Corror
Mr. Justice O'CourroR | Mr. Justice O'CourroR,. ,Justice,O'CourroR
Mr. Justice O'Oonnor | Mr. Justice O'Oonnor,. ,Justice,O'Oonnor
Mr. Justice Q-ridley | Mr. Justice Q-ridley,. ,Justice,Q-ridley
Mr. Justice S candan | Mr. Justice S candan,. ,Justice,S candan
Mr. Justice S caul ah | Mr. Justice S caul ah,. ,Justice,S caul ah
Mr. Justice S caul an | Mr. Justice S caul an,. ,Justice,S caul an
Mr. Justice S garlar | Mr. Justice S garlar,. ,Justice,S garlar
Mr. Justice S'cahlah | Mr. Justice S'cahlah,. ,Justice,S'cahlah
Mr. Justice Sch'olfield | Mr. Justice Sch'olfield,. ,Justice,Sch'olfield
Mr. Justice Schaefer, | Mr. Justice Schaefer,,. ,Justice,Schaefer,
Mr. Justice Schoi,field | Mr. Justice Schoi,field,. ,Justice,Schoi,field
Mr. Justice Schoi.field | Mr. Justice Schoi.field,. ,Justice,Schoi.field
Mr. Justice Scholfiei.d | Mr. Justice Scholfiei.d,. ,Justice,Scholfiei.d
Mr. Justice Scholfiel'd | Mr. Justice Scholfiel'd,. ,Justice,Scholfiel'd
Mr. Justice Sci-iaefer | Mr. Justice Sci-iaefer,. ,Justice,Sci-iaefer
Mr. Justice Sci-iaefer | Mr. Justice Sci-iaefer,. ,Justice,Sci-iaefer
Mr. Justice Scot-t | Mr. Justice Scot-t,. ,Justice,Scot-t
Mr. Justice Seanlan the the court | Mr. Justice Seanlan the the court,. ,Justice,Seanlan the the court
Mr. Justice Si-iaw | Mr. Justice Si-iaw,. ,Justice,Si-iaw
Mr. Justice Si-iaw | Mr. Justice Si-iaw,. ,Justice,Si-iaw
Mr. Justice Sl'ONe | Mr. Justice Sl'ONe,. ,Justice,Sl'ONe
Mr. Justice Sm:ith | Mr. Justice Sm:ith,. ,Justice,Sm:ith
Mr. Justice Taylor, | Mr. Justice Taylor,,. ,Justice,Taylor,
Mr. Justice Thom:as | Mr. Justice Thom:as,. ,Justice,Thom:as
Mr. Justice Tuoi-iy | Mr. Justice Tuoi-iy,. ,Justice,Tuoi-iy
Mr. Justice Waterman, | Mr. Justice Waterman,,. ,Justice,Waterman,
Mr. Justice Wilson the the court | Mr. Justice Wilson the the court,. ,Justice,Wilson the the court
Mr. Justice Win des | Mr. Justice Win des,. ,Justice,Win des
Mr. Justice O'Connor | Mr. Justice O'Connor,. ,Justice,O'Connor
Mr. Justice Thom:as | Mr. Justice Thom:as,. ,Justice,Thom:as
Mr. Justice CarTe;r | Mr. Justice CarTe;r,. ,Justice,CarTe;r
Mr. Justice Farm.cr | Mr. Justice Farm.cr,. ,Justice,Farm.cr
Mr. Justice Farme;r | Mr. Justice Farme;r,. ,Justice,Farme;r
Mr. Justice He;ard | Mr. Justice He;ard,. ,Justice,He;ard
Mr. Justice He;rshby | Mr. Justice He;rshby,. ,Justice,He;rshby
Mr. Justice Jone;s | Mr. Justice Jone;s,. ,Justice,Jone;s
Mr. Justice Schabee;r | Mr. Justice Schabee;r,. ,Justice,Schabee;r
Mr. Justice Schaefer, | Mr. Justice Schaefer,,. ,Justice,Schaefer,
Mr. Justice Vicke;rs | Mr. Justice Vicke;rs,. ,Justice,Vicke;rs
Mr. Justice G-ary | Mr. Justice G-ary,. ,Justice,G-ary
Mr. Justice O'Connor | Mr. Justice O'Connor,. ,Justice,O'Connor
Mr. Presiding Justice BURKE. | Mr. Presiding Justice BURKE.,. ,Presiding Justice,BURKE.
Mr. Presiding Justice EARNS the | Mr. Presiding Justice EARNS the,. ,Presiding Justice,EARNS the
Mr. Presiding Justice EARNS, | Mr. Presiding Justice EARNS,,. ,Presiding Justice,EARNS,
Mr. Presiding Justice GEORGE MORAN | Mr. Presiding Justice GEORGE MORAN,. ,Presiding Justice,GEORGE MORAN
Mr. Presiding Justice JIG ANTI | Mr. Presiding Justice JIG ANTI,. ,Presiding Justice,JIG ANTI
Mr. Presiding Justice JONES the | Mr. Presiding Justice JONES the,. ,Presiding Justice,JONES the
Mr. Presiding Justice PE REIN | Mr. Presiding Justice PE REIN,. ,Presiding Justice,PE REIN
Mr. Presiding Justice ST AMOS | Mr. Presiding Justice ST AMOS,. ,Presiding Justice,ST AMOS
Mr. Presiding Justice O'Connob | Mr. Presiding Justice O'Connob,. ,Presiding Justice,O'Connob
Mr. Presiding Justice G-ridley | Mr. Presiding Justice G-ridley,. ,Presiding Justice,G-ridley
Mr. Presiding Justice O'Cohhor | Mr. Presiding Justice O'Cohhor,. ,Presiding Justice,O'Cohhor
Mr. Presiding Justice O'Connor | Mr. Presiding Justice O'Connor,. ,Presiding Justice,O'Connor
Mr. Presiding Justice W aterman | Mr. Presiding Justice W aterman,. ,Presiding Justice,W aterman
Mr. Presiding Justice O'Connor | Mr. Presiding Justice O'Connor,. ,Presiding Justice,O'Connor
Mr. Presiding Justice 0'-Connor | Mr. Presiding Justice 0'-Connor,. ,Presiding Justice,0'-Connor
Mr. Presiding Justice 5. E. Sullivan | Mr. Presiding Justice 5. E. Sullivan,. ,Presiding Justice,5. E. Sullivan
Mr. Presiding Justice Creigi-iton | Mr. Presiding Justice Creigi-iton,. ,Presiding Justice,Creigi-iton
Mr. Presiding Justice Denis EL Sullivan | Mr. Presiding Justice Denis EL Sullivan,. ,Presiding Justice,Denis EL Sullivan
Mr. Presiding Justice Dibei.l | Mr. Presiding Justice Dibei.l,. ,Presiding Justice,Dibei.l
Mr. Presiding Justice F. A, Smith | Mr. Presiding Justice F. A, Smith,. ,Presiding Justice,F. A, Smith
Mr. Presiding Justice G-eorge W. Thompson | Mr. Presiding Justice G-eorge W. Thompson,. ,Presiding Justice,G-eorge W. Thompson
Mr. Presiding Justice G-ridley | Mr. Presiding Justice G-ridley,. ,Presiding Justice,G-ridley
Mr. Presiding Justice G-rtdley | Mr. Presiding Justice G-rtdley,. ,Presiding Justice,G-rtdley
Mr. Presiding Justice John J | Mr. Presiding Justice John J,. ,Presiding Justice,John J
Mr. Presiding Justice Mc Surely | Mr. Presiding Justice Mc Surely,. ,Presiding Justice,Mc Surely
Mr. Presiding Justice Me Surely | Mr. Presiding Justice Me Surely,. ,Presiding Justice,Me Surely
Mr. Presiding Justice Mo Surely | Mr. Presiding Justice Mo Surely,. ,Presiding Justice,Mo Surely
Mr. Presiding Justice Neimeyer the | Mr. Presiding Justice Neimeyer the,. ,Presiding Justice,Neimeyer the
Mr. Presiding Justice O 'Connon | Mr. Presiding Justice O 'Connon,. ,Presiding Justice,O 'Connon
Mr. Presiding Justice O 'Connor | Mr. Presiding Justice O 'Connor,. ,Presiding Justice,O 'Connor
Mr. Presiding Justice O'Connor | Mr. Presiding Justice O'Connor,. ,Presiding Justice,O'Connor
Mr. Presiding Justice O'Cohitor | Mr. Presiding Justice O'Cohitor,. ,Presiding Justice,O'Cohitor
Mr. Presiding Justice O'Connor | Mr. Presiding Justice O'Connor,. ,Presiding Justice,O'Connor
Mr. Presiding Justice O'Connor | Mr. Presiding Justice O'Connor,. ,Presiding Justice,O'Connor
Mr. Presiding Justice O'Connqr | Mr. Presiding Justice O'Connqr,. ,Presiding Justice,O'Connqr
Mr. Presiding Justice O'Conuor | Mr. Presiding Justice O'Conuor,. ,Presiding Justice,O'Conuor
Mr. Presiding Justice O'Cototor | Mr. Presiding Justice O'Cototor,. ,Presiding Justice,O'Cototor
Mr. Presiding Justice W right | Mr. Presiding Justice W right,. ,Presiding Justice,W right
Mr. Presiding Justice O'Connor | Mr. Presiding Justice O'Connor,. ,Presiding Justice,O'Connor
Mr. Presiding Justice O'Connor | Mr. Presiding Justice O'Connor,. ,Presiding Justice,O'Connor
Mr. Justice Cartwrig-ht | Mr. Justice Cartwrig-ht,. ,Justice,Cartwrig-ht
Mr. Justice Trumbull : | Mr. Justice Trumbull :,. ,Justice,Trumbull :
Mr. Justice Oartwbig-ht | Mr. Justice Oartwbig-ht,. ,Justice,Oartwbig-ht
Mr. Justice O'Cohnob | Mr. Justice O'Cohnob,. ,Justice,O'Cohnob
Mr. Presiding Justice O'Connor | Mr. Presiding Justice O'Connor,. ,Presiding Justice,O'Connor
Mr. Justice O'Connor | Mr. Justice O'Connor,. ,Justice,O'Connor
