WARD | WARD,WARD
Bailey | Bailey,Bailey
Baker | Baker,Baker
Boggs | Boggs,Boggs
CALLUM | CALLUM,CALLUM
Carter | Carter,Carter
Carter | Carter,Carter
Carter | Carter,Carter
Carter | Carter,Carter
Carter | Carter,Carter
Carter | Carter,Carter
Vickers | Vickers,Vickers
Cartwright | Cartwright,Cartwright
Cartwright | Cartwright,Cartwright
Cartwright | Cartwright,Cartwright
Cartwright | Cartwright,Cartwright
Cartwright | Cartwright,Cartwright
Cartwright | Cartwright,Cartwright
Cooke | Cooke,Cooke
Cooke | Cooke,Cooke
Cooke | Cooke,Cooke
Cooks | Cooks,Cooks
DeYoung | DeYoung,DeYoung
Dibell | Dibell,Dibell
Dickey | Dickey,Dickey
Mulkey | Mulkey,Mulkey
Dickey | Dickey,Dickey
Duncan | Duncan,Duncan
Duncan | Duncan,Duncan
Farmer | Farmer,Farmer
Dunn | Dunn,Dunn
Dunn | Dunn,Dunn
Dunn | Dunn,Dunn
Dunn | Dunn,Dunn
Dunn | Dunn,Dunn
Dunn | Dunn,Dunn
Dunn | Dunn,Dunn
Dunn | Dunn,Dunn
FEINBERG | FEINBERG,FEINBERG
FRIEND | FRIEND,FRIEND
Farmer | Farmer,Farmer
Farmer | Farmer,Farmer
Farmer | Farmer,Farmer
Farmer | Farmer,Farmer
Stone | Stone,Stone
Farmer | Farmer,Farmer
Farmer | Farmer,Farmer
Farthing | Farthing,Farthing
Farthing | Farthing,Farthing
Farthing | Farthing,Farthing
Farthing | Farthing,Farthing
Farthing | Farthing,Farthing
Fitch | Fitch,Fitch
Friend | Friend,Friend
Friend | Friend,Friend
Gridley | Gridley,Gridley
Gunn | Gunn,Gunn
Hand | Hand,Hand
Hand | Hand,Hand
Hand | Hand,Hand
Hand | Hand,Hand
Cartwright | Cartwright,Cartwright
Harker | Harker,Harker
Hatchett | Hatchett,Hatchett
Hatchett | Hatchett,Hatchett
Heard | Heard,Heard
Herrick | Herrick,Herrick
Herrick | Herrick,Herrick
Hillebrand | Hillebrand,Hillebrand
JUDGE | JUDGE,JUDGE
Justice | Justice,Justice
Jones | Jones,Jones
Justice | Justice,Justice
Keener | Keener,Keener
Kiley | Kiley,Kiley
Lewe | Lewe,Lewe
MICK | MICK,MICK
WARD | WARD,WARD
MURPHY | MURPHY,MURPHY
Magruder | Magruder,Magruder
Matchett | Matchett,Matchett
McAllister | McAllister,McAllister
McBRIDE | McBRIDE,McBRIDE
COLWELL | COLWELL,COLWELL
McNAMARA | McNAMARA,McNAMARA
Morrill | Morrill,Morrill
PRE | PRE,PRE
PRESID | PRESID,PRESID
Parmer | Parmer,Parmer
Phillips | Phillips,Phillips
Pleasahts | Pleasahts,Pleasahts
Puterbaugh | Puterbaugh,Puterbaugh
Wilkin | Wilkin,Wilkin
SEY | SEY,SEY
STAMOS | STAMOS,STAMOS
Schaefer | Schaefer,Schaefer
Schaefer | Schaefer,Schaefer
Schaefer | Schaefer,Schaefer
Scholeield | Scholeield,Scholeield
Scholfield | Scholfield,Scholfield
Scholfield | Scholfield,Scholfield
Scott | Scott,Scott
Scott | Scott,Scott
Scott | Scott,Scott
Scott | Scott,Scott
Scott | Scott,Scott
Scott | Scott,Scott
Shaw | Shaw,Shaw
Stone | Stone,Stone
Scott | Scott,Scott
Shepard | Shepard,Shepard
Stone | Stone,Stone
Stone | Stone,Stone
Stone | Stone,Stone
Stone | Stone,Stone
Stone | Stone,Stone
Stone | Stone,Stone
Stone | Stone,Stone
Thompson | Thompson,Thompson
Thompson | Thompson,Thompson
Thompson | Thompson,Thompson
Thompson | Thompson,Thompson
Thompson | Thompson,Thompson
Thompson | Thompson,Thompson
Treat | Treat,Treat
Trumbull | Trumbull,Trumbull
Vickers | Vickers,Vickers
Vickers | Vickers,Vickers
Vickers | Vickers,Vickers
Vickers | Vickers,Vickers
Vickers | Vickers,Vickers
Vickers | Vickers,Vickers
WARD | WARD,WARD
WARD | WARD,WARD
Walker | Walker,Walker
Walker | Walker,Walker
Wilkin | Wilkin,Wilkin
Wilkin | Wilkin,Wilkin
Wilkin | Wilkin,Wilkin
Wilson | Wilson,Wilson
