'Scates, J | 'Scates, J,'Scates,, J
O'Connor, J | O'Connor, J,O'Connor,, J
BURKE, J., | BURKE, J.,,BURKE,, J
Bailey J | Bailey J,Bailey, J
Baker J | Baker J,Baker, J
Baker. J | Baker. J,Baker., J
Gridley, J | Gridley, J,Gridley,, J
Baser J | Baser J,Baser, J
Breese J | Breese J,Breese, J
Brentano, J.: | Brentano, J.:,Brentano,, J
Bristow, J., | Bristow, J.,,Bristow,, J
Burke, J., | Burke, J.,,Burke,, J
Burks* J | Burks* J,Burks*, J
CRAVEN, J., | CRAVEN, J.,,CRAVEN,, J
Cabtwbig-ht, J | Cabtwbig-ht, J,Cabtwbig-ht,, J
Cartwright, J | Cartwright, J,Cartwright,, J
Farmer, J | Farmer, J,Farmer,, J
Vickers, J | Vickers, J,Vickers,, J
Boggs, J | Boggs, J,Boggs,, J
Dunn, J | Dunn, J,Dunn,, J
Hand, J | Hand, J,Hand,, J
Phillips, J | Phillips, J,Phillips,, J
Stone, J | Stone, J,Stone,, J
Dunn, J | Dunn, J,Dunn,, J
Hand, J | Hand, J,Hand,, J
Hand, J | Hand, J,Hand,, J
Hand, J | Hand, J,Hand,, J
Cartwright, J., | Cartwright, J.,,Cartwright,, J
Casey J | Casey J,Casey, J
Caton J | Caton J,Caton, J
Caton J | Caton J,Caton, J
Caton. J | Caton. J,Caton., J
Caton J | Caton J,Caton, J
Caton J | Caton J,Caton, J
Conger J | Conger J,Conger, J
Dunn, J | Dunn, J,Dunn,, J
Dunn, J | Dunn, J,Dunn,, J
Culbertson, J., | Culbertson, J.,,Culbertson,, J
DEMPSEY, J., | DEMPSEY, J.,,DEMPSEY,, J
Davis J | Davis J,Davis, J
Schaseiir, J | Schaseiir, J,Schaseiir,, J
Davis. J | Davis. J,Davis., J
Stone, J | Stone, J,Stone,, J
Dickey, J., | Dickey, J.,,Dickey,, J
Dove J | Dove J,Dove, J
Carter, J | Carter, J,Carter,, J
Cartwright, J | Cartwright, J,Cartwright,, J
Scott, J | Scott, J,Scott,, J
Cartwright, J | Cartwright, J,Cartwright,, J
Cartwright, J | Cartwright, J,Cartwright,, J
Dunn, J., | Dunn, J.,,Dunn,, J
Dunn, J., | Dunn, J.,,Dunn,, J
LEWE, J | LEWE, J,LEWE,, J
FRIEND, J., | FRIEND, J.,,FRIEND,, J
Cooke, J | Cooke, J,Cooke,, J
Vickers, J | Vickers, J,Vickers,, J
Orr, J | Orr, J,Orr,, J
Sitaw, J | Sitaw, J,Sitaw,, J
Fisher', J | Fisher', J,Fisher',, J
Fisher. J | Fisher. J,Fisher., J
Frank J | Frank J,Frank, J
G-aby, J | G-aby, J,G-aby,, J
G-art, J | G-art, J,G-art,, J
G-ary, J | G-ary, J,G-ary,, J
G-reeh, J | G-reeh, J,G-reeh,, J
Gar*, J | Gar*, J,Gar*,, J
Garnett J | Garnett J,Garnett, J
Gary J | Gary J,Gary, J
Gary', J | Gary', J,Gary',, J
Gary. J | Gary. J,Gary., J
Geeen. J | Geeen. J,Geeen., J
Gibbons, J.: | Gibbons, J.:,Gibbons,, J
GojS'gbr, J | GojS'gbr, J,GojS'gbr,, J
Green. J | Green. J,Green., J
Murphy, J., | Murphy, J.,,Murphy,, J
Shaw, J | Shaw, J,Shaw,, J
Wilson, J | Wilson, J,Wilson,, J
Wilkin, J | Wilkin, J,Wilkin,, J
Cartwright, J | Cartwright, J,Cartwright,, J
Hand, J., | Hand, J.,,Hand,, J
O'Connor, J | O'Connor, J,O'Connor,, J
Higbee J | Higbee J,Higbee, J
Holderman J | Holderman J,Holderman, J
Holderman,J | Holderman,J,Holderman,,J
IIigbee J | IIigbee J,IIigbee, J
KASSERMAN, J | KASSERMAN, J,KASSERMAN,, J
Jameson, J.: | Jameson, J.:,Jameson,, J
Orr, J | Orr, J,Orr,, J
Jones, J., | Jones, J.,,Jones,, J
KARNS, J., | KARNS, J.,,KARNS,, J
KILEY, J., | KILEY, J.,,KILEY,, J
G-ridley, J | G-ridley, J,G-ridley,, J
Gridley, J | Gridley, J,Gridley,, J
Koerner J. | Koerner J.,Koerner, J
Lacev J | Lacev J,Lacev, J
Lacey J | Lacey J,Lacey, J
Leland J | Leland J,Leland, J
Lockwood J | Lockwood J,Lockwood, J
MEJDA, J., | MEJDA, J.,,MEJDA,, J
MURPHY, J., | MURPHY, J.,,MURPHY,, J
Carter, J | Carter, J,Carter,, J
Matchett, J., | Matchett, J.,,Matchett,, J
McSurely, J | McSurely, J,McSurely,, J
O'Cohhor, J | O'Cohhor, J,O'Cohhor,, J
McCORMICK, J., | McCORMICK, J.,,McCORMICK,, J
McGLOON, J., | McGLOON, J.,,McGLOON,, J
Moban J | Moban J,Moban, J
Moran J | Moran J,Moran, J
Moran. J | Moran. J,Moran., J
Niemeyer, J., | Niemeyer, J.,,Niemeyer,, J
Oohg'eb, J | Oohg'eb, J,Oohg'eb,, J
OomdeRj J | OomdeRj J,OomdeRj, J
NEVILLE, J | NEVILLE, J,NEVILLE,, J
O'CONNOR, J | O'CONNOR, J,O'CONNOR,, J
O'Connor, J. | O'Connor, J.,O'Connor,, J
Thomson, J | Thomson, J,Thomson,, J
O'Connor, J | O'Connor, J,O'Connor,, J
McSurely, J | McSurely, J,McSurely,, J
Cooice, J., | Cooice, J.,,Cooice,, J
Patci-iett, J | Patci-iett, J,Patci-iett,, J
Pillsbury J | Pillsbury J,Pillsbury, J
Pillsbury, J., | Pillsbury, J.,,Pillsbury,, J
Pleasants J | Pleasants J,Pleasants, J
Pleasants. J | Pleasants. J,Pleasants., J
Poch J | Poch J,Poch, J
Purple J | Purple J,Purple, J
Purple J. | Purple J.,Purple, J
Roe, J | Roe, J,Roe,, J
Rogers, J.: | Rogers, J.:,Rogers,, J
SCHEINEMAN, J., | SCHEINEMAN, J.,,SCHEINEMAN,, J
SCHWARTZ, J., | SCHWARTZ, J.,,SCHWARTZ,, J
LORENZ, J | LORENZ, J,LORENZ,, J
Sullivan, J | Sullivan, J,Sullivan,, J
Scates J. | Scates J.,Scates, J
Hershey, J | Hershey, J,Hershey,, J
Scott J | Scott J,Scott, J
Farmer, J | Farmer, J,Farmer,, J
Hand, J | Hand, J,Hand,, J
Scott, J., | Scott, J.,,Scott,, J
Scott. J | Scott. J,Scott., J
Shaw, J., | Shaw, J.,,Shaw,, J
Craig, J | Craig, J,Craig,, J
Cbaig, J | Cbaig, J,Cbaig,, J
Dickey, J | Dickey, J,Dickey,, J
Craig, J | Craig, J,Craig,, J
G-art, J | G-art, J,G-art,, J
Skinner J | Skinner J,Skinner, J
Smith J | Smith J,Smith, J
Heard, J | Heard, J,Heard,, J
Farthing, J | Farthing, J,Farthing,, J
Scanlan, J | Scanlan, J,Scanlan,, J
TRAPP J | TRAPP J,TRAPP, J
TRAPP, J., | TRAPP, J.,,TRAPP,, J
TRAPP, J., | TRAPP, J.,,TRAPP,, J
O'Connor, J | O'Connor, J,O'Connor,, J
Farmer, J | Farmer, J,Farmer,, J
Farmer, J | Farmer, J,Farmer,, J
Trd'mbull, J | Trd'mbull, J,Trd'mbull,, J
Treat J | Treat J,Treat, J
Treat J. | Treat J.,Treat, J
Feinberg, J | Feinberg, J,Feinberg,, J
Turner, J.: | Turner, J.:,Turner,, J
Tuthill, J.: | Tuthill, J.:,Tuthill,, J
Farmer, J | Farmer, J,Farmer,, J
Vickers, J., | Vickers, J.,,Vickers,, J
CROW, J | CROW, J,CROW,, J
Walker J., | Walker J.,,Walker, J
Scholfield, J | Scholfield, J,Scholfield,, J
Walker J | Walker J,Walker, J
Walker. J | Walker. J,Walker., J
Wall J | Wall J,Wall, J
Wat.t. J | Wat.t. J,Wat.t., J
Wat/kyb, J | Wat/kyb, J,Wat/kyb,, J
Watermal J | Watermal J,Watermal, J
Watt., J | Watt., J,Watt.,, J
Welch J | Welch J,Welch, J
Welch. J | Welch. J,Welch., J
Wilkin J | Wilkin J,Wilkin, J
Cartwright, J | Cartwright, J,Cartwright,, J
Farmer, J | Farmer, J,Farmer,, J
Williams J | Williams J,Williams, J
Wilson J | Wilson J,Wilson, J
Gunn, J | Gunn, J,Gunn,, J
Shaw, J | Shaw, J,Shaw,, J
Hebel, J | Hebel, J,Hebel,, J
Wilsox J | Wilsox J,Wilsox, J
