CALVO, JJ | CALVO, JJ,CALVO,JJ
Walkee, J | Walkee, J,Walkee,J
Walker, J | Walker, J,Walker,J
Wall, J | Wall, J,Wall,J
Wall, J | Wall, J,Wall,J
Wall, P. J | Wall, P. J,Wall,P. J
Waterman, P. J | Waterman, P. J,Waterman,P. J
Waterman, P. J | Waterman, P. J,Waterman,P. J
Pillsbuky, P. J | Pillsbuky, P. J,Pillsbuky,P. J
SCHUMAN, C. J | SCHUMAN, C. J,SCHUMAN,C. J
Sample, J | Sample, J,Sample,J
Treat, C. J | Treat, C. J,Treat,C. J
Walker, J | Walker, J,Walker,J
Wilson, J | Wilson, J,Wilson,J
Phillips, J | Phillips, J,Phillips,J
McCulloch, P. J | McCulloch, P. J,McCulloch,P. J
Tolson, C. J | Tolson, C. J,Tolson,C. J
Carter, JJ | Carter, JJ,Carter,JJ
McSurely, JJ | McSurely, JJ,McSurely,JJ
ABBAHAMSON, P. J | ABBAHAMSON, P. J,ABBAHAMSON,P. J
ABRAHAMSON, J | ABRAHAMSON, J,ABRAHAMSON,J
ABRAHAMSON, P. J | ABRAHAMSON, P. J,ABRAHAMSON,P. J
ABRAHAMSON, P. J | ABRAHAMSON, P. J,ABRAHAMSON,P. J
ABRAHAMSON, P.J | ABRAHAMSON, P.J,ABRAHAMSON,P.J
ADESKO, P. J | ADESKO, P. J,ADESKO,P. J
ALLOT, P. J | ALLOT, P. J,ALLOT,P. J
ALLOT, P.J | ALLOT, P.J,ALLOT,P.J
ALLOY, J | ALLOY, J,ALLOY,J
ALLOY, J | ALLOY, J,ALLOY,J
ALLOY, P. J | ALLOY, P. J,ALLOY,P. J
ALLOY, P. J | ALLOY, P. J,ALLOY,P. J
ATTEN, J | ATTEN, J,ATTEN,J
Adams, J | Adams, J,Adams,J
Adams, J | Adams, J,Adams,J
Adams, P. J | Adams, P. J,Adams,P. J
Allen, J | Allen, J,Allen,J
BARDENS, J | BARDENS, J,BARDENS,J
BARRY, J | BARRY, J,BARRY,J
BARRY, P. J | BARRY, P. J,BARRY,P. J
BBYANT, J | BBYANT, J,BBYANT,J
BEYANT, J | BEYANT, J,BEYANT,J
BEYNOLDS, J | BEYNOLDS, J,BEYNOLDS,J
BOETH, J | BOETH, J,BOETH,J
BOETH, Justice | BOETH, Justice,BOETH,Justice
BOWMAN, J | BOWMAN, J,BOWMAN,J
BOWMAN, P.J | BOWMAN, P.J,BOWMAN,P.J
BRYANT, J | BRYANT, J,BRYANT,J
BRYANT, J | BRYANT, J,BRYANT,J
BRYANT, P. J | BRYANT, P. J,BRYANT,P. J
BTJRMAN, J | BTJRMAN, J,BTJRMAN,J
BTJRMAN, P. J | BTJRMAN, P. J,BTJRMAN,P. J
BUBKE, J | BUBKE, J,BUBKE,J
BUEKE, P. J | BUEKE, P. J,BUEKE,P. J
BURKE, J | BURKE, J,BURKE,J
BURKE, J | BURKE, J,BURKE,J
BURKE, P. J | BURKE, P. J,BURKE,P. J
BURKE, P. J | BURKE, P. J,BURKE,P. J
BURMAN, J | BURMAN, J,BURMAN,J
BURMAN, J | BURMAN, J,BURMAN,J
BURMAN, P. J | BURMAN, P. J,BURMAN,P. J
Babee, J | Babee, J,Babee,J
Bailet, J | Bailet, J,Bailet,J
Bailev, J | Bailev, J,Bailev,J
Wilkin, JJ | Wilkin, JJ,Wilkin,JJ
Bailey, J | Bailey, J,Bailey,J
Bailey, J | Bailey, J,Bailey,J
Bailey, J | Bailey, J,Bailey,J
Bailey, J | Bailey, J,Bailey,J
Bailey, J | Bailey, J,Bailey,J
Bailey, P. J | Bailey, P. J,Bailey,P. J
Bailey, P. J | Bailey, P. J,Bailey,P. J
Bailey, J | Bailey, J,Bailey,J
Bakeb, J | Bakeb, J,Bakeb,J
Bakeb, J | Bakeb, J,Bakeb,J
Bakee, J | Bakee, J,Bakee,J
Bakee, J | Bakee, J,Bakee,J
Bakee, P. J | Bakee, P. J,Bakee,P. J
Bakek, J | Bakek, J,Bakek,J
Bailey, JJ | Bailey, JJ,Bailey,JJ
Baker, J | Baker, J,Baker,J
Baker, J | Baker, J,Baker,J
Baker, J | Baker, J,Baker,J
Baker, J | Baker, J,Baker,J
Baker, J | Baker, J,Baker,J
Baker, P. J | Baker, P. J,Baker,P. J
Baker, P. J | Baker, P. J,Baker,P. J
Baker, P. J | Baker, P. J,Baker,P. J
Bakes, J | Bakes, J,Bakes,J
Bakes, P. J | Bakes, P. J,Bakes,P. J
Ball, J | Ball, J,Ball,J
Ball, J | Ball, J,Ball,J
Ballet, J | Ballet, J,Ballet,J
Ballet, P. J | Ballet, P. J,Ballet,P. J
Barer, J | Barer, J,Barer,J
Barker, P. J | Barker, P. J,Barker,P. J
Barnes, P. J | Barnes, P. J,Barnes,P. J
Gridley, J | Gridley, J,Gridley,J
Barnes, Presiding Justice | Barnes, Presiding Justice,Barnes,Presiding Justice
Bartol, C. J | Bartol, C. J,Bartol,C. J
Bbeese, J | Bbeese, J,Bbeese,J
Bebese, J | Bebese, J,Bebese,J
Beeese, J | Beeese, J,Beeese,J
Beeese, J | Beeese, J,Beeese,J
Beeves, J | Beeves, J,Beeves,J
Beeves, P. J | Beeves, P. J,Beeves,P. J
Bergstrom, J | Bergstrom, J,Bergstrom,J
Berlin, C. J | Berlin, C. J,Berlin,C. J
Berlin, C.J | Berlin, C.J,Berlin,C.J
Bkeese, J | Bkeese, J,Bkeese,J
Blake, J | Blake, J,Blake,J
Blanchard, J | Blanchard, J,Blanchard,J
BoOKWALTER, J | BoOKWALTER, J,BoOKWALTER,J
Scott, JJ | Scott, JJ,Scott,JJ
Boggs, J | Boggs, J,Boggs,J
Boggs, P. J | Boggs, P. J,Boggs,P. J
Bookwalter, J | Bookwalter, J,Bookwalter,J
Bradwell, J | Bradwell, J,Bradwell,J
Brbese, J | Brbese, J,Brbese,J
Brebse, J | Brebse, J,Brebse,J
Breesb, J | Breesb, J,Breesb,J
Diokey, JJ | Diokey, JJ,Diokey,JJ
Breese, C. J | Breese, C. J,Breese,C. J
Breese, C. J | Breese, C. J,Breese,C. J
Breese, J | Breese, J,Breese,J
Breese, J | Breese, J,Breese,J
Breese, J | Breese, J,Breese,J
Breese, J | Breese, J,Breese,J
Breese, J. | Breese, J.,Breese,J.
Breese, J | Breese, J,Breese,J
Breese, Justice | Breese, Justice,Breese,Justice
Breese, Justice | Breese, Justice,Breese,Justice
Breese, Justice | Breese, Justice,Breese,Justice
Brentano, J | Brentano, J,Brentano,J
Dairy, C.J | Dairy, C.J,Dairy,C.J
Brown, J | Brown, J,Brown,J
Brown, Justice | Brown, Justice,Brown,Justice
Browne, J | Browne, J,Browne,J
Browne, Justice | Browne, Justice,Browne,Justice
Browne, Justice | Browne, Justice,Browne,Justice
Bricese, J | Bricese, J,Bricese,J
Bulleb, J | Bulleb, J,Bulleb,J
Burke, J | Burke, J,Burke,J
Burke, J | Burke, J,Burke,J
Burke, j | Burke, j,Burke,j
Burks, J | Burks, J,Burks,J
CABBOLL, J | CABBOLL, J,CABBOLL,J
CABBOLL, Presiding Justice | CABBOLL, Presiding Justice,CABBOLL,Presiding Justice
CARROLL, J | CARROLL, J,CARROLL,J
CARROLL, Justice | CARROLL, Justice,CARROLL,Justice
CARROLL, Presiding Justice | CARROLL, Presiding Justice,CARROLL,Presiding Justice
CARROLL, Presiding Justice | CARROLL, Presiding Justice,CARROLL,Presiding Justice
CARTER, J | CARTER, J,CARTER,J
CBOW, P. J | CBOW, P. J,CBOW,P. J
CEAVEN, J | CEAVEN, J,CEAVEN,J
CEAYEN, J | CEAYEN, J,CEAYEN,J
CEEBS, J | CEEBS, J,CEEBS,J
CEOW, J | CEOW, J,CEOW,J
CHAMBERLAIN, J | CHAMBERLAIN, J,CHAMBERLAIN,J
CHAPMAN, P.J | CHAPMAN, P.J,CHAPMAN,P.J
CHAVEN, J | CHAVEN, J,CHAVEN,J
CLARK, J | CLARK, J,CLARK,J
COBTN, J | COBTN, J,COBTN,J
COBYN, J | COBYN, J,COBYN,J
COEYN, J | COEYN, J,COEYN,J
COLWELL, J | COLWELL, J,COLWELL,J
COOK, J | COOK, J,COOK,J
COOK, P.J | COOK, P.J,COOK,P.J
CORTN, J | CORTN, J,CORTN,J
CORYN, J | CORYN, J,CORYN,J
CORYN, J | CORYN, J,CORYN,J
CORYN, P. J | CORYN, P. J,CORYN,P. J
CORYN, P. J | CORYN, P. J,CORYN,P. J
CRAVEN, J | CRAVEN, J,CRAVEN,J
CRAVEN, J | CRAVEN, J,CRAVEN,J
CRAVEN, P. J | CRAVEN, P. J,CRAVEN,P. J
CRAVEN, P. J | CRAVEN, P. J,CRAVEN,P. J
CRAVEN, P. J | CRAVEN, P. J,CRAVEN,P. J
CRAVEN, Presiding Justice | CRAVEN, Presiding Justice,CRAVEN,Presiding Justice
CRAVEN, J | CRAVEN, J,CRAVEN,J
CRAYEN, P. J | CRAYEN, P. J,CRAYEN,P. J
CREBS, J | CREBS, J,CREBS,J
CREES, J | CREES, J,CREES,J
CREES, J | CREES, J,CREES,J
CROW, J | CROW, J,CROW,J
CROW, P. J | CROW, P. J,CROW,P. J
CROW, P. J | CROW, P. J,CROW,P. J
CULBEBTSON, P. J | CULBEBTSON, P. J,CULBEBTSON,P. J
CULBEBTSON, P. J | CULBEBTSON, P. J,CULBEBTSON,P. J
CULBERTSON, J | CULBERTSON, J,CULBERTSON,J
CULBERTSON, J | CULBERTSON, J,CULBERTSON,J
CULBERTSON, P. J | CULBERTSON, P. J,CULBERTSON,P. J
CULBERTSON, P.J | CULBERTSON, P.J,CULBERTSON,P.J
Cabtwbight, J | Cabtwbight, J,Cabtwbight,J
Caetweight, J | Caetweight, J,Caetweight,J
Cart, J | Cart, J,Cart,J
Cart, P. J | Cart, P. J,Cart,P. J
Boggs, JJ | Boggs, JJ,Boggs,JJ
Dunn, JJ | Dunn, JJ,Dunn,JJ
Farmer, JJ | Farmer, JJ,Farmer,JJ
Hand, JJ | Hand, JJ,Hand,JJ
Stone, JJ | Stone, JJ,Stone,JJ
Vickers, JJ | Vickers, JJ,Vickers,JJ
Cartwright, J | Cartwright, J,Cartwright,J
Farmer, J | Farmer, J,Farmer,J
Vickers, J | Vickers, J,Vickers,J
Hand, JJ | Hand, JJ,Hand,JJ
Carter, J | Carter, J,Carter,J
Carter, J | Carter, J,Carter,J
Cartwkioht, J | Cartwkioht, J,Cartwkioht,J
Carter, JJ | Carter, JJ,Carter,JJ
Craig, JJ | Craig, JJ,Craig,JJ
Dunn, JJ | Dunn, JJ,Dunn,JJ
Hand, JJ | Hand, JJ,Hand,JJ
Scott, C. J | Scott, C. J,Scott,C. J
Vickers, JJ | Vickers, JJ,Vickers,JJ
Cartwright, J | Cartwright, J,Cartwright,J
Carter, JJ | Carter, JJ,Carter,JJ
Carter, JJ | Carter, JJ,Carter,JJ
Boggs, J | Boggs, J,Boggs,J
Dunn, J | Dunn, J,Dunn,J
Hand, J | Hand, J,Hand,J
Phillips, J | Phillips, J,Phillips,J
Stone, J | Stone, J,Stone,J
Dunn, JJ | Dunn, JJ,Dunn,JJ
Cooke, JJ | Cooke, JJ,Cooke,JJ
Cooks, JJ | Cooks, JJ,Cooks,JJ
Duncan, JJ | Duncan, JJ,Duncan,JJ
Carter, JJ | Carter, JJ,Carter,JJ
Dunn, JJ | Dunn, JJ,Dunn,JJ
Carter, JJ | Carter, JJ,Carter,JJ
Dunn, JJ | Dunn, JJ,Dunn,JJ
Cartwright, J | Cartwright, J,Cartwright,J
Cartwright, J | Cartwright, J,Cartwright,J
Cartwright, J | Cartwright, J,Cartwright,J
Dunn, J | Dunn, J,Dunn,J
Hand, J | Hand, J,Hand,J
Hand, J | Hand, J,Hand,J
Hand, J | Hand, J,Hand,J
Dunn, C. J | Dunn, C. J,Dunn,C. J
Cartwright, J | Cartwright, J,Cartwright,J
Cartwright, P. J | Cartwright, P. J,Cartwright,P. J
Cartwright, P. J | Cartwright, P. J,Cartwright,P. J
Cartwright, J | Cartwright, J,Cartwright,J
Cartwright, J | Cartwright, J,Cartwright,J
Cary, J | Cary, J,Cary,J
Caset, J | Caset, J,Caset,J
Casev, J | Casev, J,Casev,J
Casey, J | Casey, J,Casey,J
Casey, J | Casey, J,Casey,J
Casey, P. J | Casey, P. J,Casey,P. J
CatOn, J | CatOn, J,CatOn,J
Catoh, C. J | Catoh, C. J,Catoh,C. J
Catoh, C. J | Catoh, C. J,Catoh,C. J
Catoit, C. J | Catoit, C. J,Catoit,C. J
Catoit, C. J | Catoit, C. J,Catoit,C. J
Catok, C. J | Catok, C. J,Catok,C. J
Catom, C. J | Catom, C. J,Catom,C. J
Caton, C. J | Caton, C. J,Caton,C. J
Caton, J | Caton, J,Caton,J
Caton, J. | Caton, J.,Caton,J.
Caton, J | Caton, J,Caton,J
Caton, J. | Caton, J.,Caton,J.
Caton, Justice | Caton, Justice,Caton,Justice
Catos, C. J | Catos, C. J,Catos,C. J
Catou, J | Catou, J,Catou,J
Catox, C. J | Catox, C. J,Catox,C. J
Caton, C. J | Caton, C. J,Caton,C. J
Caton, C. J | Caton, C. J,Caton,C. J
Caton, J | Caton, J,Caton,J
Caton, J | Caton, J,Caton,J
Caton, C. J | Caton, C. J,Caton,C. J
Caton, C. J | Caton, C. J,Caton,C. J
Chetlain, J | Chetlain, J,Chetlain,J
Chytraus, J | Chytraus, J,Chytraus,J
Chytraus, J | Chytraus, J,Chytraus,J
Clifford, J | Clifford, J,Clifford,J
Coegeb, J | Coegeb, J,Coegeb,J
Coegeb, P. J | Coegeb, P. J,Coegeb,P. J
Cohger, P. J | Cohger, P. J,Cohger,P. J
Congeb, J | Congeb, J,Congeb,J
Congee, J | Congee, J,Congee,J
Congee, J | Congee, J,Congee,J
Congee, P. J | Congee, P. J,Congee,P. J
Conger, J | Conger, J,Conger,J
Conger, J | Conger, J,Conger,J
Conger, P. J | Conger, P. J,Conger,P. J
Dunn, JJ | Dunn, JJ,Dunn,JJ
Vickers, C. J | Vickers, C. J,Vickers,C. J
Farmer, JJ | Farmer, JJ,Farmer,JJ
Hand, JJ | Hand, JJ,Hand,JJ
Craig, JJ | Craig, JJ,Craig,JJ
Dunn, JJ | Dunn, JJ,Dunn,JJ
Dunn, J | Dunn, J,Dunn,J
Dunn, J | Dunn, J,Dunn,J
Cartwright, JJ | Cartwright, JJ,Cartwright,JJ
Dunn, JJ | Dunn, JJ,Dunn,JJ
Corger, J | Corger, J,Corger,J
Corgkeb, J | Corgkeb, J,Corgkeb,J
Coroer, J | Coroer, J,Coroer,J
Cosgeb, P. J | Cosgeb, P. J,Cosgeb,P. J
Couger, J | Couger, J,Couger,J
Couger, P. J | Couger, P. J,Couger,P. J
Cower, P. J | Cower, P. J,Cower,P. J
Crabtree, J | Crabtree, J,Crabtree,J
Craig, C. J | Craig, C. J,Craig,C. J
Craig, J | Craig, J,Craig,J
Craig, J | Craig, J,Craig,J
Craig, J | Craig, J,Craig,J
Craig, J | Craig, J,Craig,J
Craig, J | Craig, J,Craig,J
Craig, J | Craig, J,Craig,J
Cartwright, JJ | Cartwright, JJ,Cartwright,JJ
Creighton, P. J | Creighton, P. J,Creighton,P. J
Cutting, J | Cutting, J,Cutting,J
CORYN, J | CORYN, J,CORYN,J
DAMRON, J | DAMRON, J,DAMRON,J
DAVIS, J | DAVIS, J,DAVIS,J
DAVIS, J | DAVIS, J,DAVIS,J
DAVIS, P. J | DAVIS, P. J,DAVIS,P. J
DEMPSEY, J | DEMPSEY, J,DEMPSEY,J
DIERINGER, J | DIERINGER, J,DIERINGER,J
DONOVAN, J | DONOVAN, J,DONOVAN,J
DOUGLASS, J | DOUGLASS, J,DOUGLASS,J
DOVE, J | DOVE, J,DOVE,J
DOVE, J | DOVE, J,DOVE,J
DOVE, P. J | DOVE, P. J,DOVE,P. J
DOVE, P. J | DOVE, P. J,DOVE,P. J
DOVE, P.J | DOVE, P.J,DOVE,P.J
DOWNING, J | DOWNING, J,DOWNING,J
DOYE, J | DOYE, J,DOYE,J
DRUCKER, J | DRUCKER, J,DRUCKER,J
Damron, C. J | Damron, C. J,Damron,C. J
Damron, J | Damron, J,Damron,J
Davis, J | Davis, J,Davis,J
Davis, J | Davis, J,Davis,J
Davis, J | Davis, J,Davis,J
Schaseiir, J | Schaseiir, J,Schaseiir,J
Davis, P. J | Davis, P. J,Davis,P. J
Davts, J | Davts, J,Davts,J
Davts, P. J | Davts, P. J,Davts,P. J
Jones, JJ | Jones, JJ,Jones,JJ
Stone, J | Stone, J,Stone,J
Delaney, C. J | Delaney, C. J,Delaney,C. J
Delaney, J | Delaney, J,Delaney,J
Delaney, J | Delaney, J,Delaney,J
Delaney, J | Delaney, J,Delaney,J
Denmar, C. J | Denmar, C. J,Denmar,C. J
Denning, J | Denning, J,Denning,J
Dibell, J | Dibell, J,Dibell,J
Dibell, J | Dibell, J,Dibell,J
Dibell, P. J | Dibell, P. J,Dibell,P. J
Dibell, P. J | Dibell, P. J,Dibell,P. J
Dicker, J | Dicker, J,Dicker,J
Scholfield, JJ | Scholfield, JJ,Scholfield,JJ
Dickey, C. J | Dickey, C. J,Dickey,C. J
Dickey, J | Dickey, J,Dickey,J
Dickey, J | Dickey, J,Dickey,J
Dickey, J | Dickey, J,Dickey,J
Dickey, J | Dickey, J,Dickey,J
Dickey, J | Dickey, J,Dickey,J
Dillard, J | Dillard, J,Dillard,J
Douglas, Justice | Douglas, Justice,Douglas,Justice
Douglass, J. | Douglass, J.,Douglass,J.
Douglass, Justice | Douglass, Justice,Douglass,Justice
Douglass, Justice | Douglass, Justice,Douglass,Justice
Dove, J | Dove, J,Dove,J
Dove, J | Dove, J,Dove,J
Dove, P. J | Dove, P. J,Dove,P. J
Dove, P. J | Dove, P. J,Dove,P. J
Drummond, J | Drummond, J,Drummond,J
Drummond, J | Drummond, J,Drummond,J
Heard, JJ | Heard, JJ,Heard,JJ
Heard, C. J | Heard, C. J,Heard,C. J
Carter, J | Carter, J,Carter,J
Stone, JJ | Stone, JJ,Stone,JJ
Cartwright, JJ | Cartwright, JJ,Cartwright,JJ
Cooice, JJ | Cooice, JJ,Cooice,JJ
Cooke, JJ | Cooke, JJ,Cooke,JJ
DeYoung, JJ | DeYoung, JJ,DeYoung,JJ
Duncan, JJ | Duncan, JJ,Duncan,JJ
Farmer, JJ | Farmer, JJ,Farmer,JJ
Hand, JJ | Hand, JJ,Hand,JJ
Farmer, JJ | Farmer, JJ,Farmer,JJ
DeYoung, JJ | DeYoung, JJ,DeYoung,JJ
Cartwright, J | Cartwright, J,Cartwright,J
Cooke, JJ | Cooke, JJ,Cooke,JJ
Duncan, JJ | Duncan, JJ,Duncan,JJ
Carter, JJ | Carter, JJ,Carter,JJ
Cooke, JJ | Cooke, JJ,Cooke,JJ
Cooks, JJ | Cooks, JJ,Cooks,JJ
Duncan, JJ | Duncan, JJ,Duncan,JJ
Hand, JJ | Hand, JJ,Hand,JJ
Duncan, JJ | Duncan, JJ,Duncan,JJ
Thompson, JJ | Thompson, JJ,Thompson,JJ
Thompson, JJ | Thompson, JJ,Thompson,JJ
Vickers, JJ | Vickers, JJ,Vickers,JJ
Scott, J | Scott, J,Scott,J
Cartwright, J | Cartwright, J,Cartwright,J
Cartwright, J | Cartwright, J,Cartwright,J
Cartwright, C. J | Cartwright, C. J,Cartwright,C. J
DeYoung, C. J | DeYoung, C. J,DeYoung,C. J
Cooke, JJ | Cooke, JJ,Cooke,JJ
Dunne, J. | Dunne, J.,Dunne,J.
Dunne, J | Dunne, J,Dunne,J
Dupuy, J. | Dupuy, J.,Dupuy,J.
EARNS, J | EARNS, J,EARNS,J
EBEESPACHEE, P. J | EBEESPACHEE, P. J,EBEESPACHEE,P. J
EBEESPACHEE, P. J | EBEESPACHEE, P. J,EBEESPACHEE,P. J
EBERSPACHER, J | EBERSPACHER, J,EBERSPACHER,J
EBERSPACHER, J | EBERSPACHER, J,EBERSPACHER,J
EBERSPACHER, P. J | EBERSPACHER, P. J,EBERSPACHER,P. J
EBERSPACHER, P. J | EBERSPACHER, P. J,EBERSPACHER,P. J
EBERSPACHER, P. J | EBERSPACHER, P. J,EBERSPACHER,P. J
EBERSPAGHER, P. J | EBERSPAGHER, P. J,EBERSPAGHER,P. J
EBERSPACHER, J | EBERSPACHER, J,EBERSPACHER,J
EERLIN, J | EERLIN, J,EERLIN,J
ENGLISH, J | ENGLISH, J,ENGLISH,J
ENGLISH, J | ENGLISH, J,ENGLISH,J
ENGLISH, J | ENGLISH, J,ENGLISH,J
ENGLISH, P. J | ENGLISH, P. J,ENGLISH,P. J
EOETH, J | EOETH, J,EOETH,J
EOETH, Justice | EOETH, Justice,EOETH,Justice
EOVALDI, J | EOVALDI, J,EOVALDI,J
Eberhardt, J | Eberhardt, J,Eberhardt,J
Eckebt, J | Eckebt, J,Eckebt,J
Eckeet, J | Eckeet, J,Eckeet,J
Eckert, C. J | Eckert, C. J,Eckert,C. J
Eckert, C. J | Eckert, C. J,Eckert,C. J
Eckert, J | Eckert, J,Eckert,J
Eckert, J | Eckert, J,Eckert,J
Eckert, J | Eckert, J,Eckert,J
Epstein, J | Epstein, J,Epstein,J
Epstein, J | Epstein, J,Epstein,J
LEWE, J | LEWE, J,LEWE,J
FRIEND, J | FRIEND, J,FRIEND,J
FRIEND, P. J | FRIEND, P. J,FRIEND,P. J
Carter, JJ | Carter, JJ,Carter,JJ
Dunn, JJ | Dunn, JJ,Dunn,JJ
Hand, JJ | Hand, JJ,Hand,JJ
Thompson, JJ | Thompson, JJ,Thompson,JJ
Vickers, JJ | Vickers, JJ,Vickers,JJ
Duncan, JJ | Duncan, JJ,Duncan,JJ
Cooke, J | Cooke, J,Cooke,J
Vickers, JJ | Vickers, JJ,Vickers,JJ
Thompson, JJ | Thompson, JJ,Thompson,JJ
Vickers, J | Vickers, J,Vickers,J
Farmer, P. J | Farmer, P. J,Farmer,P. J
Heard, JJ | Heard, JJ,Heard,JJ
Gunn, JJ | Gunn, JJ,Gunn,JJ
Murphy, JJ | Murphy, JJ,Murphy,JJ
Shaw, JJ | Shaw, JJ,Shaw,JJ
Smith, JJ | Smith, JJ,Smith,JJ
Wilson, JJ | Wilson, JJ,Wilson,JJ
Sitaw, J | Sitaw, J,Sitaw,J
Farthing, J | Farthing, J,Farthing,J
Farwell, C. J | Farwell, C. J,Farwell,C. J
Farwell, J | Farwell, J,Farwell,J
Feabeb, J | Feabeb, J,Feabeb,J
Fearer, J | Fearer, J,Fearer,J
Feinberg, J | Feinberg, J,Feinberg,J
Feinberg, P. J | Feinberg, P. J,Feinberg,P. J
Fiemeyer, J | Fiemeyer, J,Fiemeyer,J
Fisher, C. J | Fisher, C. J,Fisher,C. J
Fisher, J | Fisher, J,Fisher,J
Fisher, J. | Fisher, J.,Fisher,J.
Fishes, J | Fishes, J,Fishes,J
Fishes, J | Fishes, J,Fishes,J
Barnes, JJ | Barnes, JJ,Barnes,JJ
FlSHBB, J | FlSHBB, J,FlSHBB,J
FlSHEB, J | FlSHEB, J,FlSHEB,J
FlSHER, J | FlSHER, J,FlSHER,J
Ford, Justice | Ford, Justice,Ford,Justice
Foster, J | Foster, J,Foster,J
Foster, J | Foster, J,Foster,J
Frederick, J | Frederick, J,Frederick,J
Freeman, J | Freeman, J,Freeman,J
Wilson, JJ | Wilson, JJ,Wilson,JJ
Friend, J | Friend, J,Friend,J
GARMAN, J | GARMAN, J,GARMAN,J
GARY, P. J | GARY, P. J,GARY,P. J
GASMAN, J | GASMAN, J,GASMAN,J
GOLDENHEBSH, J | GOLDENHEBSH, J,GOLDENHEBSH,J
GOLDENHEESH, P. J | GOLDENHEESH, P. J,GOLDENHEESH,P. J
GOLDENHERSH, J | GOLDENHERSH, J,GOLDENHERSH,J
GOLDENHERSH, J | GOLDENHERSH, J,GOLDENHERSH,J
GOLDENHERSH, P. J | GOLDENHERSH, P. J,GOLDENHERSH,P. J
GOLDENHERSH, P. J | GOLDENHERSH, P. J,GOLDENHERSH,P. J
GRAVEN, J | GRAVEN, J,GRAVEN,J
GRAVEN, J | GRAVEN, J,GRAVEN,J
GREEN, J | GREEN, J,GREEN,J
GREEN, J | GREEN, J,GREEN,J
GREEN, P. J | GREEN, P. J,GREEN,P. J
GREEN, P.J | GREEN, P.J,GREEN,P.J
GROMETER, P.J | GROMETER, P.J,GROMETER,P.J
Gabnett, J | Gabnett, J,Gabnett,J
Gabnett, P. J | Gabnett, P. J,Gabnett,P. J
Gabt, J | Gabt, J,Gabt,J
Gaby, J | Gaby, J,Gaby,J
Gaby, J | Gaby, J,Gaby,J
Gaby, J | Gaby, J,Gaby,J
Gaby, J | Gaby, J,Gaby,J
Gaby, J | Gaby, J,Gaby,J
Gaby, P. J | Gaby, P. J,Gaby,P. J
Gaby, P. J | Gaby, P. J,Gaby,P. J
Gaenett, P. J | Gaenett, P. J,Gaenett,P. J
Gaey, J | Gaey, J,Gaey,J
Gaknett, J | Gaknett, J,Gaknett,J
Gaknett, P. J | Gaknett, P. J,Gaknett,P. J
Gannett, P. J | Gannett, P. J,Gannett,P. J
Garktett, P. J | Garktett, P. J,Garktett,P. J
Garnett, J | Garnett, J,Garnett,J
Garnett, J | Garnett, J,Garnett,J
Garnett, J | Garnett, J,Garnett,J
Garnett, P. J | Garnett, P. J,Garnett,P. J
Garnett, P. J | Garnett, P. J,Garnett,P. J
Garnett, P. J | Garnett, P. J,Garnett,P. J
Garrett, J | Garrett, J,Garrett,J
Garrett, P. J | Garrett, P. J,Garrett,P. J
Gart, J | Gart, J,Gart,J
Garv, J | Garv, J,Garv,J
Gary, J | Gary, J,Gary,J
Gary, J | Gary, J,Gary,J
Gary, J | Gary, J,Gary,J
Gary, J | Gary, J,Gary,J
Gary, J | Gary, J,Gary,J
Gary, J | Gary, J,Gary,J
Gary, J | Gary, J,Gary,J
Gary, J | Gary, J,Gary,J
Gary, J | Gary, J,Gary,J
Gary, P. J | Gary, P. J,Gary,P. J
Gary, P. J | Gary, P. J,Gary,P. J
Gary, P. J | Gary, P. J,Gary,P. J
Gassy, J | Gassy, J,Gassy,J
Gatcnett, J | Gatcnett, J,Gatcnett,J
Gbebit, J | Gbebit, J,Gbebit,J
Gbeeit, P. J | Gbeeit, P. J,Gbeeit,P. J
Gbeen, J | Gbeen, J,Gbeen,J
Gbeen, P. J | Gbeen, P. J,Gbeen,P. J
Gbeen, P. J | Gbeen, P. J,Gbeen,P. J
Gbeen, P. J | Gbeen, P. J,Gbeen,P. J
Gbeex, P. J | Gbeex, P. J,Gbeex,P. J
Gbeeit, J | Gbeeit, J,Gbeeit,J
Geeeit, P. J | Geeeit, P. J,Geeeit,P. J
Geeek, P. J | Geeek, P. J,Geeek,P. J
Gheeh, P. J | Gheeh, P. J,Gheeh,P. J
Gibbons, J | Gibbons, J,Gibbons,J
Gibbons, J | Gibbons, J,Gibbons,J
Gibbons, J | Gibbons, J,Gibbons,J
Gjgeen, P. J | Gjgeen, P. J,Gjgeen,P. J
Gjreen, P. J | Gjreen, P. J,Gjreen,P. J
Gkeeh, P. J | Gkeeh, P. J,Gkeeh,P. J
Gonger, J | Gonger, J,Gonger,J
GrABT, P. J | GrABT, P. J,GrABT,P. J
Grebe, J | Grebe, J,Grebe,J
Greeb, J | Greeb, J,Greeb,J
Greed, P. J | Greed, P. J,Greed,P. J
Greeh, P. J | Greeh, P. J,Greeh,P. J
Greek, P. J | Greek, P. J,Greek,P. J
Greekt, P. J | Greekt, P. J,Greekt,P. J
Green, P. J | Green, P. J,Green,P. J
Green, P. J | Green, P. J,Green,P. J
Green, J | Green, J,Green,J
Green, J | Green, J,Green,J
Green, P. J | Green, P. J,Green,P. J
Green, P. J | Green, P. J,Green,P. J
Greer, J | Greer, J,Greer,J
Greer, P. J | Greer, P. J,Greer,P. J
Greer, P. J | Greer, P. J,Greer,P. J
Gridlby, P. J | Gridlby, P. J,Gridlby,P. J
Wells, JJ | Wells, JJ,Wells,JJ
Gridley, P. J | Gridley, P. J,Gridley,P. J
Gross, J | Gross, J,Gross,J
Grreeu, P. J | Grreeu, P. J,Grreeu,P. J
GtAry, J | GtAry, J,GtAry,J
Gtabnett, P. J | Gtabnett, P. J,Gtabnett,P. J
Gtart, J | Gtart, J,Gtart,J
Gtary, J | Gtary, J,Gtary,J
Gtreeit, P. J | Gtreeit, P. J,Gtreeit,P. J
Murphy, JJ | Murphy, JJ,Murphy,JJ
Shaw, J | Shaw, J,Shaw,J
Smith, JJ | Smith, JJ,Smith,JJ
Smith, JJ | Smith, JJ,Smith,JJ
Farthing, JJ | Farthing, JJ,Farthing,JJ
HANNAH, J | HANNAH, J,HANNAH,J
HARRISON, J | HARRISON, J,HARRISON,J
HARRISON, J | HARRISON, J,HARRISON,J
HARRISON, J | HARRISON, J,HARRISON,J
HAYES, J | HAYES, J,HAYES,J
HIBBS, P. J | HIBBS, P. J,HIBBS,P. J
HOFFMAN, J | HOFFMAN, J,HOFFMAN,J
HOFFMAN, Justice | HOFFMAN, Justice,HOFFMAN,Justice
HOFFMAN, Presiding Justice | HOFFMAN, Presiding Justice,HOFFMAN,Presiding Justice
HOLDRIDGE, J | HOLDRIDGE, J,HOLDRIDGE,J
HOWERTON, J | HOWERTON, J,HOWERTON,J
Hakker, J | Hakker, J,Hakker,J
Hakker, P. J | Hakker, P. J,Hakker,P. J
Hall, J | Hall, J,Hall,J
Wilson, J | Wilson, J,Wilson,J
Carter, JJ | Carter, JJ,Carter,JJ
Cartwright, JJ | Cartwright, JJ,Cartwright,JJ
Parmer, JJ | Parmer, JJ,Parmer,JJ
Scott, JJ | Scott, JJ,Scott,JJ
Wilkin, J | Wilkin, J,Wilkin,J
Dunn, JJ | Dunn, JJ,Dunn,JJ
Carter, JJ | Carter, JJ,Carter,JJ
Cooke, JJ | Cooke, JJ,Cooke,JJ
Cartwright, J | Cartwright, J,Cartwright,J
Cartwright, C. J | Cartwright, C. J,Cartwright,C. J
Carter, JJ | Carter, JJ,Carter,JJ
Hareer, P. J | Hareer, P. J,Hareer,P. J
Haricer, J | Haricer, J,Haricer,J
Haricer, J | Haricer, J,Haricer,J
Haricer, P. J | Haricer, P. J,Haricer,P. J
Harkbr, J | Harkbr, J,Harkbr,J
Harkek, P. J | Harkek, P. J,Harkek,P. J
Harker, J | Harker, J,Harker,J
Harker, P. J | Harker, P. J,Harker,P. J
Harker, P. J | Harker, P. J,Harker,P. J
Harker, P. J | Harker, P. J,Harker,P. J
Harker, P. J | Harker, P. J,Harker,P. J
Harnett, J | Harnett, J,Harnett,J
Harree, P. J | Harree, P. J,Harree,P. J
Johnston, JJ | Johnston, JJ,Johnston,JJ
Hatchett, J | Hatchett, J,Hatchett,J
Hatchett, P. J | Hatchett, P. J,Hatchett,P. J
HcSurely, J | HcSurely, J,HcSurely,J
DeYoung, JJ | DeYoung, JJ,DeYoung,JJ
Heator, P. J | Heator, P. J,Heator,P. J
Hebel, J | Hebel, J,Hebel,J
Hebel, P. J | Hebel, P. J,Hebel,P. J
Farthing, JJ | Farthing, JJ,Farthing,JJ
Shaw, JJ | Shaw, JJ,Shaw,JJ
Hess, J | Hess, J,Hess,J
Higbbe, P. J | Higbbe, P. J,Higbbe,P. J
Higbee, J | Higbee, J,Higbee,J
Higbee, J | Higbee, J,Higbee,J
Higbee, J | Higbee, J,Higbee,J
Higbee, J | Higbee, J,Higbee,J
Higbee, J | Higbee, J,Higbee,J
Higbee, P. J | Higbee, P. J,Higbee,P. J
Higbee, P. J | Higbee, P. J,Higbee,P. J
Higbhe, J | Higbhe, J,Higbhe,J
Higgbee, P. J | Higgbee, P. J,Higgbee,P. J
Highee, P. J | Highee, P. J,Highee,P. J
Hillsbury, J | Hillsbury, J,Hillsbury,J
HoCublooh, J | HoCublooh, J,HoCublooh,J
Holderman, J | Holderman, J,Holderman,J
Holdom, J | Holdom, J,Holdom,J
Holdom, J | Holdom, J,Holdom,J
Holdom, J | Holdom, J,Holdom,J
Holdom, J | Holdom, J,Holdom,J
Holdom, J | Holdom, J,Holdom,J
Holdom, P. J | Holdom, P. J,Holdom,P. J
Honore, J | Honore, J,Honore,J
Horan, J | Horan, J,Horan,J
Horan, P. J | Horan, P. J,Horan,P. J
Horton, J | Horton, J,Horton,J
Horton, J | Horton, J,Horton,J
Hpton, J | Hpton, J,Hpton,J
Hpton, P. J | Hpton, P. J,Hpton,P. J
Hqlderman, J | Hqlderman, J,Hqlderman,J
Htobee, P. J | Htobee, P. J,Htobee,P. J
IIarker, P. J | IIarker, P. J,IIarker,P. J
IIigbee, J | IIigbee, J,IIigbee,J
IIigbee, P. J | IIigbee, P. J,IIigbee,P. J
INGLIS, J | INGLIS, J,INGLIS,J
ITigbee, J | ITigbee, J,ITigbee,J
IVIoAllisteb, P. J | IVIoAllisteb, P. J,IVIoAllisteb,P. J
IjANSDEN, J | IjANSDEN, J,IjANSDEN,J
JANN, J | JANN, J,JANN,J
JBreese, J | JBreese, J,JBreese,J
JIGANTI, P. J | JIGANTI, P. J,JIGANTI,P. J
JOHNSON, J | JOHNSON, J,JOHNSON,J
JOHNSON, P. J | JOHNSON, P. J,JOHNSON,P. J
JOHNSON, P.J | JOHNSON, P.J,JOHNSON,P.J
JONES, J | JONES, J,JONES,J
JONES, J | JONES, J,JONES,J
KASSERMAN, J | KASSERMAN, J,KASSERMAN,J
Jameson, J | Jameson, J,Jameson,J
Jann, J | Jann, J,Jann,J
Jann, J | Jann, J,Jann,J
Stone, C. J | Stone, C. J,Stone,C. J
KARNS, P. J | KARNS, P. J,KARNS,P. J
KASSERMAN, J | KASSERMAN, J,KASSERMAN,J
KILEY, J | KILEY, J,KILEY,J
KLUCZYNSKI, J | KLUCZYNSKI, J,KLUCZYNSKI,J
KLUCZYNSKI, P. J | KLUCZYNSKI, P. J,KLUCZYNSKI,P. J
KNECHT, J | KNECHT, J,KNECHT,J
Kavanagh, J | Kavanagh, J,Kavanagh,J
Keefes, J | Keefes, J,Keefes,J
Scanlan, JJ | Scanlan, JJ,Scanlan,JJ
Gridley, J | Gridley, J,Gridley,J
Kersten, J | Kersten, J,Kersten,J
Kilby, J | Kilby, J,Kilby,J
Kiley, J | Kiley, J,Kiley,J
Kimbrough, J | Kimbrough, J,Kimbrough,J
Knickerbocker, J | Knickerbocker, J,Knickerbocker,J
Koerner, J | Koerner, J,Koerner,J
Koerner, J | Koerner, J,Koerner,J
Koerner, J. | Koerner, J.,Koerner,J.
LACEY, J | LACEY, J,LACEY,J
LEWIS, J | LEWIS, J,LEWIS,J
LEWIS, P.J | LEWIS, P.J,LEWIS,P.J
LINN, J | LINN, J,LINN,J
LORENZ, J | LORENZ, J,LORENZ,J
LORENZ, P.J | LORENZ, P.J,LORENZ,P.J
LUND, J | LUND, J,LUND,J
LYONS, J | LYONS, J,LYONS,J
LYONS, P. J | LYONS, P. J,LYONS,P. J
LYTTON, J | LYTTON, J,LYTTON,J
LaNSDEN, J | LaNSDEN, J,LaNSDEN,J
Lacbt, J | Lacbt, J,Lacbt,J
Lacee, J | Lacee, J,Lacee,J
Lacet, J | Lacet, J,Lacet,J
Lacet, P. J | Lacet, P. J,Lacet,P. J
Lacey, C. J | Lacey, C. J,Lacey,C. J
Lacey, J | Lacey, J,Lacey,J
Lacey, J | Lacey, J,Lacey,J
Lacey, J | Lacey, J,Lacey,J
Lacey, J | Lacey, J,Lacey,J
Lacey, P. J | Lacey, P. J,Lacey,P. J
Lacey, P. J | Lacey, P. J,Lacey,P. J
Lacey, P. J | Lacey, P. J,Lacey,P. J
Lacy, J | Lacy, J,Lacy,J
Lacy, J | Lacy, J,Lacy,J
Laesden, J | Laesden, J,Laesden,J
Lahsdeh, J | Lahsdeh, J,Lahsdeh,J
Laksdeit, J | Laksdeit, J,Laksdeit,J
Lansdbit, J | Lansdbit, J,Lansdbit,J
Lansdeh, J | Lansdeh, J,Lansdeh,J
Lansden, J | Lansden, J,Lansden,J
Lansden, J. | Lansden, J.,Lansden,J.
Lansdest, J | Lansdest, J,Lansdest,J
LaoEy, J | LaoEy, J,LaoEy,J
Laoet, J | Laoet, J,Laoet,J
Laoet, P. J | Laoet, P. J,Laoet,P. J
Laoev, J | Laoev, J,Laoev,J
Laoey, J | Laoey, J,Laoey,J
Laoey, P. J | Laoey, P. J,Laoey,P. J
Laoey, P. J | Laoey, P. J,Laoey,P. J
Lastsden, J | Lastsden, J,Lastsden,J
Lawdsen, J | Lawdsen, J,Lawdsen,J
McAllister, Justice | McAllister, Justice,McAllister,Justice
Lawrence, J | Lawrence, J,Lawrence,J
Lawrence, J | Lawrence, J,Lawrence,J
Lawsden, J | Lawsden, J,Lawsden,J
Leland, J | Leland, J,Leland,J
Leland, J | Leland, J,Leland,J
Leland, P. J | Leland, P. J,Leland,P. J
Lioey, J | Lioey, J,Lioey,J
Lockwood, J | Lockwood, J,Lockwood,J
Lockwood, J | Lockwood, J,Lockwood,J
Lockwood, J. | Lockwood, J.,Lockwood,J.
Lockwood, Justice | Lockwood, Justice,Lockwood,Justice
Lockwood, Justice | Lockwood, Justice,Lockwood,Justice
Lockwood, Justice | Lockwood, Justice,Lockwood,Justice
MATHERS, J | MATHERS, J,MATHERS,J
MCCORMICK, J | MCCORMICK, J,MCCORMICK,J
MILLS, J | MILLS, J,MILLS,J
MILLS, J | MILLS, J,MILLS,J
MOBAN, J | MOBAN, J,MOBAN,J
MOEAN, J | MOEAN, J,MOEAN,J
MOEAN, J | MOEAN, J,MOEAN,J
MILLER, JJ | MILLER, JJ,MILLER,JJ
MORAN, J | MORAN, J,MORAN,J
MORAN, J | MORAN, J,MORAN,J
MORAN, P. J | MORAN, P. J,MORAN,P. J
MORAN, P. J | MORAN, P. J,MORAN,P. J
MORAN, Presiding Justice | MORAN, Presiding Justice,MORAN,Presiding Justice
MURPHY, P. J | MURPHY, P. J,MURPHY,P. J
MURRAY, J | MURRAY, J,MURRAY,J
MURRAY, J | MURRAY, J,MURRAY,J
MYERSCOUGH, J | MYERSCOUGH, J,MYERSCOUGH,J
Mack, J | Mack, J,Mack,J
Mack, J | Mack, J,Mack,J
Mack, J | Mack, J,Mack,J
Mack, J | Mack, J,Mack,J
Magbubee, J | Magbubee, J,Magbubee,J
Carter, J | Carter, J,Carter,J
Baker, JJ | Baker, JJ,Baker,JJ
Magruder, J | Magruder, J,Magruder,J
Marker, J | Marker, J,Marker,J
Marker, P. J | Marker, P. J,Marker,P. J
Matchett, J | Matchett, J,Matchett,J
Matchett, P. J | Matchett, P. J,Matchett,P. J
McSurely, J | McSurely, J,McSurely,J
Matohett, J | Matohett, J,Matohett,J
Matohett, P. J | Matohett, P. J,Matohett,P. J
McAllistee, J | McAllistee, J,McAllistee,J
McAllistek, J | McAllistek, J,McAllistek,J
McAllister, J | McAllister, J,McAllister,J
McAllister, J | McAllister, J,McAllister,J
McAllister, J | McAllister, J,McAllister,J
McAllister, J | McAllister, J,McAllister,J
McAllister, J | McAllister, J,McAllister,J
McAllister, P. J | McAllister, P. J,McAllister,P. J
McAllister, P. J | McAllister, P. J,McAllister,P. J
McAllister, P. J | McAllister, P. J,McAllister,P. J
McAxlisteb, P. J | McAxlisteb, P. J,McAxlisteb,P. J
GORDON, JJ | GORDON, JJ,GORDON,JJ
McCOEMICK, J | McCOEMICK, J,McCOEMICK,J
McCORMICK, J | McCORMICK, J,McCORMICK,J
McCORMICK, P. J | McCORMICK, P. J,McCORMICK,P. J
HOLDRIDGE, JJ | HOLDRIDGE, JJ,HOLDRIDGE,JJ
McCUSKEY, P.J | McCUSKEY, P.J,McCUSKEY,P.J
McConnell, J | McConnell, J,McConnell,J
McCuLLocn, P. J | McCuLLocn, P. J,McCuLLocn,P. J
McCulloch, J | McCulloch, J,McCulloch,J
McCulloch, J. | McCulloch, J.,McCulloch,J.
McCulloch, J | McCulloch, J,McCulloch,J
McCulloch, P. J | McCulloch, P. J,McCulloch,P. J
McCullough, j | McCullough, j,McCullough,j
McEwen, J | McEwen, J,McEwen,J
McGILLICUDDY, J | McGILLICUDDY, J,McGILLICUDDY,J
McLAREN, J | McLAREN, J,McLAREN,J
McGLOON, JJ | McGLOON, JJ,McGLOON,JJ
McNAMARA, J | McNAMARA, J,McNAMARA,J
McNAMARA, P. J | McNAMARA, P. J,McNAMARA,P. J
McNAMARA, P.J | McNAMARA, P.J,McNAMARA,P.J
McNEAL, J | McNEAL, J,McNEAL,J
McNEAL, J | McNEAL, J,McNEAL,J
McNEAL, J | McNEAL, J,McNEAL,J
McNEAL, P. J | McNEAL, P. J,McNEAL,P. J
McNEAL, P. J | McNEAL, P. J,McNEAL,P. J
McStjrely, J | McStjrely, J,McStjrely,J
McSurely, J | McSurely, J,McSurely,J
McSurely, P. J | McSurely, P. J,McSurely,P. J
Mitchell, J | Mitchell, J,Mitchell,J
MoAllisteb, C. J | MoAllisteb, C. J,MoAllisteb,C. J
MoAllisteb, J | MoAllisteb, J,MoAllisteb,J
MoAllisteb, P. J | MoAllisteb, P. J,MoAllisteb,P. J
MoAlltsteb, J | MoAlltsteb, J,MoAlltsteb,J
MoNEAL, J | MoNEAL, J,MoNEAL,J
MoNEAL, J | MoNEAL, J,MoNEAL,J
MoNEAL, P. J | MoNEAL, P. J,MoNEAL,P. J
MoOullooh, P. J | MoOullooh, P. J,MoOullooh,P. J
Mobah, J | Mobah, J,Mobah,J
Mobah, P. J | Mobah, P. J,Mobah,P. J
Mobait, P. J | Mobait, P. J,Mobait,P. J
Moban, J | Moban, J,Moban,J
Mobar, J | Mobar, J,Mobar,J
Mobatj, P. J | Mobatj, P. J,Mobatj,P. J
Mobatt, J | Mobatt, J,Mobatt,J
Mobatt, P. J | Mobatt, P. J,Mobatt,P. J
Moeah, P. J | Moeah, P. J,Moeah,P. J
Moeait, J | Moeait, J,Moeait,J
Moean, J | Moean, J,Moean,J
Moean, P. J | Moean, P. J,Moean,P. J
Moeaw, J | Moeaw, J,Moeaw,J
Mohan, J | Mohan, J,Mohan,J
Mokan, J | Mokan, J,Mokan,J
Montana, C.J | Montana, C.J,Montana,C.J
Montana, C. J | Montana, C. J,Montana,C. J
Montana, J | Montana, J,Montana,J
Morah, J | Morah, J,Morah,J
Morait, J | Morait, J,Morait,J
Morait, P. J | Morait, P. J,Morait,P. J
Morak, J | Morak, J,Morak,J
Moran, J | Moran, J,Moran,J
Moran, J | Moran, J,Moran,J
Moran, J | Moran, J,Moran,J
Moran, J | Moran, J,Moran,J
Moran, J | Moran, J,Moran,J
Moran, J | Moran, J,Moran,J
Moran, P. J | Moran, P. J,Moran,P. J
Moran, P. J | Moran, P. J,Moran,P. J
Moran, J | Moran, J,Moran,J
Morar, J | Morar, J,Morar,J
Morar, P. J | Morar, P. J,Morar,P. J
Moras, P. J | Moras, P. J,Moras,P. J
Morau, J | Morau, J,Morau,J
Mqran, J | Mqran, J,Mqran,J
Mulkey, J | Mulkey, J,Mulkey,J
Mulkey, J | Mulkey, J,Mulkey,J
Murphy, J | Murphy, J,Murphy,J
Murphy, P. J | Murphy, P. J,Murphy,P. J
Murphy, P. J | Murphy, P. J,Murphy,P. J
NASH, J | NASH, J,NASH,J
Niemeter, P. J | Niemeter, P. J,Niemeter,P. J
Niemeyer, J | Niemeyer, J,Niemeyer,J
Niemeyer, P. J | Niemeyer, P. J,Niemeyer,P. J
Niemeyer, P. J | Niemeyer, P. J,Niemeyer,P. J
Niemeyer, Presiding Justice | Niemeyer, Presiding Justice,Niemeyer,Presiding Justice
Oabtwbight, J | Oabtwbight, J,Oabtwbight,J
Oartwrioht, J | Oartwrioht, J,Oartwrioht,J
Oasey, J | Oasey, J,Oasey,J
Oatoit, C. J | Oatoit, C. J,Oatoit,C. J
Ooitgeb, J | Ooitgeb, J,Ooitgeb,J
Scofield, J | Scofield, J,Scofield,J
Shepard, J | Shepard, J,Shepard,J
TREAT, C. J | TREAT, C. J,TREAT,C. J
Treat, C. J | Treat, C. J,Treat,C. J
Treat, C. J | Treat, C. J,Treat,C. J
Treat, C. J | Treat, C. J,Treat,C. J
Gaby, P. J | Gaby, P. J,Gaby,P. J
NEVILLE, J | NEVILLE, J,NEVILLE,J
Thomson, J | Thomson, J,Thomson,J
McSurely, J | McSurely, J,McSurely,J
PECCARELLI, J | PECCARELLI, J,PECCARELLI,J
PERLIN, C.J | PERLIN, C.J,PERLIN,C.J
PETEESEN, J | PETEESEN, J,PETEESEN,J
PHILLIPS, P. J | PHILLIPS, P. J,PHILLIPS,P. J
PINCHAM, J | PINCHAM, J,PINCHAM,J
POCH, J | POCH, J,POCH,J
POLOS, C.J | POLOS, C.J,POLOS,C.J
PUTERBAUGH, J | PUTERBAUGH, J,PUTERBAUGH,J
Cooke, JJ | Cooke, JJ,Cooke,JJ
Patchett, J | Patchett, J,Patchett,J
Peeves, P. J | Peeves, P. J,Peeves,P. J
Perlin, C. J | Perlin, C. J,Perlin,C. J
Perlin, C.J | Perlin, C.J,Perlin,C.J
Perlin, C.j | Perlin, C.j,Perlin,C.j
Perlin, J | Perlin, J,Perlin,J
Pezman, J | Pezman, J,Pezman,J
Pezman, J | Pezman, J,Pezman,J
Pezmatt, J | Pezmatt, J,Pezmatt,J
Cartwright, JJ | Cartwright, JJ,Cartwright,JJ
Phillips, J | Phillips, J,Phillips,J
Phillips, J | Phillips, J,Phillips,J
Phillips, J | Phillips, J,Phillips,J
Phillips, P. J | Phillips, P. J,Phillips,P. J
Phillips, P. J | Phillips, P. J,Phillips,P. J
Phillips, P. J | Phillips, P. J,Phillips,P. J
Picket, J | Picket, J,Picket,J
Pilllsbuby, J | Pilllsbuby, J,Pilllsbuby,J
Pillsbdey, J | Pillsbdey, J,Pillsbdey,J
Pillsbtjry, P. J | Pillsbtjry, P. J,Pillsbtjry,P. J
Pillsbttky, J | Pillsbttky, J,Pillsbttky,J
Pillsbubt, P. J | Pillsbubt, P. J,Pillsbubt,P. J
Pillsbuby, J | Pillsbuby, J,Pillsbuby,J
Pillsbuby, P. J | Pillsbuby, P. J,Pillsbuby,P. J
Pillsbuby, P. J | Pillsbuby, P. J,Pillsbuby,P. J
Pillsbuby, P. J | Pillsbuby, P. J,Pillsbuby,P. J
Pillsbuet, J | Pillsbuet, J,Pillsbuet,J
Pillsbuet, P. J | Pillsbuet, P. J,Pillsbuet,P. J
Pillsbuev, P. J | Pillsbuev, P. J,Pillsbuev,P. J
Pillsbuey, J | Pillsbuey, J,Pillsbuey,J
Pillsbuey, P. J | Pillsbuey, P. J,Pillsbuey,P. J
Pillsbuky, P. J | Pillsbuky, P. J,Pillsbuky,P. J
Pillsburt, P. J | Pillsburt, P. J,Pillsburt,P. J
Pillsburv, P. J | Pillsburv, P. J,Pillsburv,P. J
Pillsbury, J | Pillsbury, J,Pillsbury,J
Pillsbury, J | Pillsbury, J,Pillsbury,J
Pillsbury, J | Pillsbury, J,Pillsbury,J
Pillsbury, J | Pillsbury, J,Pillsbury,J
Pillsbury, P. J | Pillsbury, P. J,Pillsbury,P. J
Pillsbury, P. J | Pillsbury, P. J,Pillsbury,P. J
Pillsbxjry, P. J | Pillsbxjry, P. J,Pillsbxjry,P. J
Pleasahts, J | Pleasahts, J,Pleasahts,J
Pleasakts, J | Pleasakts, J,Pleasakts,J
Pleasants, J | Pleasants, J,Pleasants,J
Pleasants, J | Pleasants, J,Pleasants,J
Pleasants, J. | Pleasants, J.,Pleasants,J.
Pleasants, J | Pleasants, J,Pleasants,J
Pleasants, J | Pleasants, J,Pleasants,J
Pleasants, J | Pleasants, J,Pleasants,J
Pleasants, P. J | Pleasants, P. J,Pleasants,P. J
Pleasants, P. J | Pleasants, P. J,Pleasants,P. J
Pleasasts, J | Pleasasts, J,Pleasasts,J
Pleasauts, J | Pleasauts, J,Pleasauts,J
Pleasaxts, J | Pleasaxts, J,Pleasaxts,J
PocH, J | PocH, J,PocH,J
Poch, J | Poch, J,Poch,J
Polof, C.J | Polof, C.J,Polof,C.J
Polos, C. J | Polos, C. J,Polos,C. J
Polos, C. J | Polos, C. J,Polos,C. J
Polos, C.J | Polos, C.J,Polos,C.J
Polos, C. J | Polos, C. J,Polos,C. J
Polos, C. J | Polos, C. J,Polos,C. J
Purple, J | Purple, J,Purple,J
Purple, J | Purple, J,Purple,J
Purple, J. | Purple, J.,Purple,J.
Purple, J | Purple, J,Purple,J
Putekbatjgh, J | Putekbatjgh, J,Putekbatjgh,J
Puterbaugh, J | Puterbaugh, J,Puterbaugh,J
Wells, JJ | Wells, JJ,Wells,JJ
QUETSCH, J | QUETSCH, J,QUETSCH,J
RAKOWSKI, J | RAKOWSKI, J,RAKOWSKI,J
RARICK, JJ | RARICK, JJ,RARICK,JJ
RARICK, J | RARICK, J,RARICK,J
REARDON, J | REARDON, J,REARDON,J
REARDON, J | REARDON, J,REARDON,J
REINHARD, J | REINHARD, J,REINHARD,J
REYNOLDS, J | REYNOLDS, J,REYNOLDS,J
REYNOLDS, J | REYNOLDS, J,REYNOLDS,J
REYNOLDS, P. J | REYNOLDS, P. J,REYNOLDS,P. J
RICHARDS, J | RICHARDS, J,RICHARDS,J
RIZZI, P.J | RIZZI, P.J,RIZZI,P.J
ROETH, J | ROETH, J,ROETH,J
ROETH, J | ROETH, J,ROETH,J
ROETH, Justice | ROETH, Justice,ROETH,Justice
ROETH, Presiding Justice | ROETH, Presiding Justice,ROETH,Presiding Justice
RYAN, J | RYAN, J,RYAN,J
RYAN, P. J | RYAN, P. J,RYAN,P. J
RYAN, P. J | RYAN, P. J,RYAN,P. J
Raker, J | Raker, J,Raker,J
Raucci, C.J | Raucci, C.J,Raucci,C.J
Raucci, CJ | Raucci, CJ,Raucci,CJ
Raucci, C. J | Raucci, C. J,Raucci,C. J
Raucci, J | Raucci, J,Raucci,J
Raucci, J | Raucci, J,Raucci,J
Rauco, J | Rauco, J,Rauco,J
Reeves, J | Reeves, J,Reeves,J
Reeves, P. J | Reeves, P. J,Reeves,P. J
Cartwright, JJ | Cartwright, JJ,Cartwright,JJ
Robson, P. J | Robson, P. J,Robson,P. J
Rogers, J | Rogers, J,Rogers,J
Rogers, J | Rogers, J,Rogers,J
Rreese, J | Rreese, J,Rreese,J
Rurke, J | Rurke, J,Rurke,J
SCHEINEMAN, J | SCHEINEMAN, J,SCHEINEMAN,J
SCHEINEMAN, J | SCHEINEMAN, J,SCHEINEMAN,J
SCHEINEMAN, P. J | SCHEINEMAN, P. J,SCHEINEMAN,P. J
SCHEINEMAN, P. J | SCHEINEMAN, P. J,SCHEINEMAN,P. J
SCHEINEMAN, P. J | SCHEINEMAN, P. J,SCHEINEMAN,P. J
SCHNAKE, J | SCHNAKE, J,SCHNAKE,J
SCHOLFIELD, J | SCHOLFIELD, J,SCHOLFIELD,J
SCHUMAIT, C. J | SCHUMAIT, C. J,SCHUMAIT,C. J
SCHUMAK, C. J | SCHUMAK, C. J,SCHUMAK,C. J
SCHUMAN, C. J | SCHUMAN, C. J,SCHUMAN,C. J
SCHWARTZ, J | SCHWARTZ, J,SCHWARTZ,J
SCHWARTZ, P. J | SCHWARTZ, P. J,SCHWARTZ,P. J
SCIiEINEMAK, J | SCIiEINEMAK, J,SCIiEINEMAK,J
SCOTT, J | SCOTT, J,SCOTT,J
SEIDENFELD, J | SEIDENFELD, J,SEIDENFELD,J
SEIDENFELD, P.J | SEIDENFELD, P.J,SEIDENFELD,P.J
SHEPARD, J | SHEPARD, J,SHEPARD,J
SIMKINS, J | SIMKINS, J,SIMKINS,J
SIMKINS, J | SIMKINS, J,SIMKINS,J
SLATER, J | SLATER, J,SLATER,J
SMITH, J | SMITH, J,SMITH,J
SMITH, J | SMITH, J,SMITH,J
SMITH, J | SMITH, J,SMITH,J
SMITH, J | SMITH, J,SMITH,J
SMITH, P. J | SMITH, P. J,SMITH,P. J
SOHEINEMAN, J | SOHEINEMAN, J,SOHEINEMAN,J
SOHUMAN, C. J | SOHUMAN, C. J,SOHUMAN,C. J
SOLFISBTJBG, P. J | SOLFISBTJBG, P. J,SOLFISBTJBG,P. J
SOLFISBURG, P. J | SOLFISBURG, P. J,SOLFISBURG,P. J
SPIVEY, J | SPIVEY, J,SPIVEY,J
SPIVEY, J | SPIVEY, J,SPIVEY,J
SPIVEY, P. J | SPIVEY, P. J,SPIVEY,P. J
SPIYEY, J | SPIYEY, J,SPIYEY,J
CALVO, JJ | CALVO, JJ,CALVO,JJ
STAMOS, P. J | STAMOS, P. J,STAMOS,P. J
STAMOS, P.J | STAMOS, P.J,STAMOS,P.J
STOTJDER, J | STOTJDER, J,STOTJDER,J
STOUDEB, J | STOUDEB, J,STOUDEB,J
STOUDEE, J | STOUDEE, J,STOUDEE,J
STOUDEE, P. J | STOUDEE, P. J,STOUDEE,P. J
STOUDER, J | STOUDER, J,STOUDER,J
STOUDER, J | STOUDER, J,STOUDER,J
STOUDER, P. J | STOUDER, P. J,STOUDER,P. J
STOUDER, P. J | STOUDER, P. J,STOUDER,P. J
SULLIVAN, J | SULLIVAN, J,SULLIVAN,J
LORENZ, J | LORENZ, J,LORENZ,J
Sample, J | Sample, J,Sample,J
Sample, J | Sample, J,Sample,J
ScHTJMAM, C. J | ScHTJMAM, C. J,ScHTJMAM,C. J
ScHTJMAN, C. J | ScHTJMAN, C. J,ScHTJMAN,C. J
ScHTJMAIT, C. J | ScHTJMAIT, C. J,ScHTJMAIT,C. J
ScHTTMAK, C. J | ScHTTMAK, C. J,ScHTTMAK,C. J
ScHUMAN, C. J | ScHUMAN, C. J,ScHUMAN,C. J
ScHUMAN, C. J | ScHUMAN, C. J,ScHUMAN,C. J
ScHUMAlT, C. J | ScHUMAlT, C. J,ScHUMAlT,C. J
ScHUMAUsT, C. J | ScHUMAUsT, C. J,ScHUMAUsT,C. J
ScOEIELD, J | ScOEIELD, J,ScOEIELD,J
Scales, C. J | Scales, C. J,Scales,C. J
Scales, J | Scales, J,Scales,J
Scanlan, J | Scanlan, J,Scanlan,J
Scanlan, P. J | Scanlan, P. J,Scanlan,P. J
Sullivan, J | Sullivan, J,Sullivan,J
Scates, C. J | Scates, C. J,Scates,C. J
Scates, C. J | Scates, C. J,Scates,C. J
Scates, C. J | Scates, C. J,Scates,C. J
Scates, C. J | Scates, C. J,Scates,C. J
Scates, C. J | Scates, C. J,Scates,C. J
Scates, C. J | Scates, C. J,Scates,C. J
Scates, J | Scates, J,Scates,J
Scates, J | Scates, J,Scates,J
Scates, J. | Scates, J.,Scates,J.
Scates, J | Scates, J,Scates,J
Scates, J. | Scates, J.,Scates,J.
Scates, Justice | Scates, Justice,Scates,Justice
Scates, Justice | Scates, Justice,Scates,Justice
Scates, C. J | Scates, C. J,Scates,C. J
Davis, JJ | Davis, JJ,Davis,JJ
Hershey, JJ | Hershey, JJ,Hershey,JJ
Klingbiel, JJ | Klingbiel, JJ,Klingbiel,JJ
Hershey, J | Hershey, J,Hershey,J
Schaefer, J | Schaefer, J,Schaefer,J
Schofield, J | Schofield, J,Schofield,J
Schofield, J | Schofield, J,Schofield,J
Bailey, JJ | Bailey, JJ,Bailey,JJ
Scholeield, J | Scholeield, J,Scholeield,J
Scholeteld, J | Scholeteld, J,Scholeteld,J
Dickey, JJ | Dickey, JJ,Dickey,JJ
Mulkey, JJ | Mulkey, JJ,Mulkey,JJ
Scholfield, J | Scholfield, J,Scholfield,J
Scholfield, J | Scholfield, J,Scholfield,J
Schuman, C. J | Schuman, C. J,Schuman,C. J
Schwartz, J | Schwartz, J,Schwartz,J
Scoeield, J | Scoeield, J,Scoeield,J
Scofield, J | Scofield, J,Scofield,J
Scofield, J | Scofield, J,Scofield,J
Farmer, JJ | Farmer, JJ,Farmer,JJ
Cartwright, C. J | Cartwright, C. J,Cartwright,C. J
Sheldon, J.J | Sheldon, J.J,Sheldon,J.J
Sheldon, JJ | Sheldon, JJ,Sheldon,JJ
Vickers, JJ | Vickers, JJ,Vickers,JJ
Farmer, J | Farmer, J,Farmer,J
Hand, J | Hand, J,Hand,J
Dunn, JJ | Dunn, JJ,Dunn,JJ
Ricks, JJ | Ricks, JJ,Ricks,JJ
Scott, C. J | Scott, C. J,Scott,C. J
Scott, J | Scott, J,Scott,J
Scott, J | Scott, J,Scott,J
Cartwright, C. J | Cartwright, C. J,Cartwright,C. J
Scott, J | Scott, J,Scott,J
Scott, J | Scott, J,Scott,J
Scott, J | Scott, J,Scott,J
Scott, Justice | Scott, Justice,Scott,Justice
Dickey, JJ | Dickey, JJ,Dickey,JJ
Semple, Justice | Semple, Justice,Semple,Justice
Sghuman, C. J | Sghuman, C. J,Sghuman,C. J
Wilson, JJ | Wilson, JJ,Wilson,JJ
StonS, C. J | StonS, C. J,StonS,C. J
Shbpabd, J | Shbpabd, J,Shbpabd,J
Shefaed, J | Shefaed, J,Shefaed,J
Craig, J | Craig, J,Craig,J
Cbaig, J | Cbaig, J,Cbaig,J
Dickey, J | Dickey, J,Dickey,J
Craig, JJ | Craig, JJ,Craig,JJ
Sheldon, J | Sheldon, J,Sheldon,J
Sheldon, J | Sheldon, J,Sheldon,J
Sheldon, J | Sheldon, J,Sheldon,J
Sheldon, J | Sheldon, J,Sheldon,J
Sheldon, J | Sheldon, J,Sheldon,J
Sheldon, J | Sheldon, J,Sheldon,J
Craig, J | Craig, J,Craig,J
Craig, JJ | Craig, JJ,Craig,JJ
Shepabd, J | Shepabd, J,Shepabd,J
Shepaed, J | Shepaed, J,Shepaed,J
Shepakd, J | Shepakd, J,Shepakd,J
Shepakd, J | Shepakd, J,Shepakd,J
Freeman, JJ | Freeman, JJ,Freeman,JJ
Shepard, J | Shepard, J,Shepard,J
Shepard, P. J | Shepard, P. J,Shepard,P. J
Shields, J | Shields, J,Shields,J
Shields, J. | Shields, J.,Shields,J.
Shirley, J | Shirley, J,Shirley,J
Shope, J | Shope, J,Shope,J
Siblet, J | Siblet, J,Siblet,J
Sibley, J | Sibley, J,Sibley,J
Sibley, P. J | Sibley, P. J,Sibley,P. J
Sitepabd, J | Sitepabd, J,Sitepabd,J
Skinneb, J | Skinneb, J,Skinneb,J
Skinnee, J | Skinnee, J,Skinnee,J
Skinner, J | Skinner, J,Skinner,J
Skinner, J | Skinner, J,Skinner,J
Skinner, Justice | Skinner, Justice,Skinner,Justice
Skinner, Justice | Skinner, Justice,Skinner,Justice
Smith, J | Smith, J,Smith,J
Smith, J | Smith, J,Smith,J
Smith, J | Smith, J,Smith,J
Smith, Justice | Smith, Justice,Smith,Justice
Smith, Justice | Smith, Justice,Smith,Justice
Smith, Justice | Smith, Justice,Smith,Justice
Soanlan, P. J | Soanlan, P. J,Soanlan,P. J
Soates, C. J | Soates, C. J,Soates,C. J
Soates, J | Soates, J,Soates,J
Soates, J. | Soates, J.,Soates,J.
Soates, C. J | Soates, C. J,Soates,C. J
Sohuman, C. J | Sohuman, C. J,Sohuman,C. J
Sommer, C.J | Sommer, C.J,Sommer,C.J
Sommer, C.J | Sommer, C.J,Sommer,C.J
Sommer, C. J | Sommer, C. J,Sommer,C. J
Sommer, J | Sommer, J,Sommer,J
Soorield, J | Soorield, J,Soorield,J
Walkeb, JJ | Walkeb, JJ,Walkeb,JJ
Spates, C. J | Spates, C. J,Spates,C. J
Spivack, J | Spivack, J,Spivack,J
Stein, J | Stein, J,Stein,J
DeYoung, JJ | DeYoung, JJ,DeYoung,JJ
Farthing, JJ | Farthing, JJ,Farthing,JJ
Jones, JJ | Jones, JJ,Jones,JJ
Shaw, JJ | Shaw, JJ,Shaw,JJ
Smith, JJ | Smith, JJ,Smith,JJ
Heard, J | Heard, J,Heard,J
Farthing, J | Farthing, J,Farthing,J
Shaw, JJ | Shaw, JJ,Shaw,JJ
Stone, P. J | Stone, P. J,Stone,P. J
Sullivan, J | Sullivan, J,Sullivan,J
Scanlan, J | Scanlan, J,Scanlan,J
TEAPP, J | TEAPP, J,TEAPP,J
TEAPP, P. J | TEAPP, P. J,TEAPP,P. J
THOMAS, J | THOMAS, J,THOMAS,J
TJpton, P. J | TJpton, P. J,TJpton,P. J
TJpton, P. J | TJpton, P. J,TJpton,P. J
TJutoh, J | TJutoh, J,TJutoh,J
TOLSON, C. J | TOLSON, C. J,TOLSON,C. J
TRAPP, J | TRAPP, J,TRAPP,J
TRAPP, J | TRAPP, J,TRAPP,J
TRAPP, P. J | TRAPP, P. J,TRAPP,P. J
TRAPP, P. J | TRAPP, P. J,TRAPP,P. J
TTaettrir, J | TTaettrir, J,TTaettrir,J
Tanner, P. J | Tanner, P. J,Tanner,P. J
Taylor, J | Taylor, J,Taylor,J
Taylor, P. J | Taylor, P. J,Taylor,P. J
Tbeat, C. J | Tbeat, C. J,Tbeat,C. J
Teeat, C. J | Teeat, C. J,Teeat,C. J
Thomas, J | Thomas, J,Thomas,J
Thomas, J. | Thomas, J.,Thomas,J.
Cartwright, JJ | Cartwright, JJ,Cartwright,JJ
Duncan, JJ | Duncan, JJ,Duncan,JJ
Dunn, JJ | Dunn, JJ,Dunn,JJ
Farmer, JJ | Farmer, JJ,Farmer,JJ
Farmer, JJ | Farmer, JJ,Farmer,JJ
Heard, JJ | Heard, JJ,Heard,JJ
Dunn, JJ | Dunn, JJ,Dunn,JJ
Dunn, JJ | Dunn, JJ,Dunn,JJ
Duncan, JJ | Duncan, JJ,Duncan,JJ
Duncan, JJ | Duncan, JJ,Duncan,JJ
Dunn, JJ | Dunn, JJ,Dunn,JJ
Farmer, J | Farmer, J,Farmer,J
Farmer, J | Farmer, J,Farmer,J
Thompson, J | Thompson, J,Thompson,J
Thomson, J | Thomson, J,Thomson,J
Thomson, J | Thomson, J,Thomson,J
Thomson, P. J | Thomson, P. J,Thomson,P. J
Thornton, J | Thornton, J,Thornton,J
Thumbull, J | Thumbull, J,Thumbull,J
Tolsobt, C. J | Tolsobt, C. J,Tolsobt,C. J
Tolson, C. J | Tolson, C. J,Tolson,C. J
Tolson, J | Tolson, J,Tolson,J
Tolson, C. J | Tolson, C. J,Tolson,C. J
Douglass, Justice | Douglass, Justice,Douglass,Justice
Treat, C. J | Treat, C. J,Treat,C. J
Treat, C. J | Treat, C. J,Treat,C. J
Treat, C. J | Treat, C. J,Treat,C. J
Treat, C. J | Treat, C. J,Treat,C. J
Treat, C. J | Treat, C. J,Treat,C. J
Treat, C. J | Treat, C. J,Treat,C. J
Treat, J | Treat, J,Treat,J
Treat, J | Treat, J,Treat,J
Treat, J | Treat, J,Treat,J
Treat, J. | Treat, J.,Treat,J.
Treat, Justice | Treat, Justice,Treat,Justice
Treat, C. J | Treat, C. J,Treat,C. J
Tree, J | Tree, J,Tree,J
Truktbull, J | Truktbull, J,Truktbull,J
Trumbull, J | Trumbull, J,Trumbull,J
Trumbull, J | Trumbull, J,Trumbull,J
Trumbull, J. | Trumbull, J.,Trumbull,J.
Trumbull, J | Trumbull, J,Trumbull,J
Tteat, Justice | Tteat, Justice,Tteat,Justice
Tuley, J | Tuley, J,Tuley,J
Tuley, J | Tuley, J,Tuley,J
Tuley, J | Tuley, J,Tuley,J
Tuley, J | Tuley, J,Tuley,J
Tuley, J | Tuley, J,Tuley,J
Tuohy, P. J | Tuohy, P. J,Tuohy,P. J
Feinberg, J | Feinberg, J,Feinberg,J
Tuthill, J | Tuthill, J,Tuthill,J
UNVERZAGT, J | UNVERZAGT, J,UNVERZAGT,J
Uigbee, J | Uigbee, J,Uigbee,J
Upton, J | Upton, J,Upton,J
Upton, J | Upton, J,Upton,J
Upton, P. J | Upton, P. J,Upton,P. J
Cartwright, JJ | Cartwright, JJ,Cartwright,JJ
Hand, C. J | Hand, C. J,Hand,C. J
Dunn, JJ | Dunn, JJ,Dunn,JJ
Farmer, JJ | Farmer, JJ,Farmer,JJ
Farmer, JJ | Farmer, JJ,Farmer,JJ
Hand, JJ | Hand, JJ,Hand,JJ
Farmer, J | Farmer, J,Farmer,J
Hand, C. J | Hand, C. J,Hand,C. J
Vickers, J | Vickers, J,Vickers,J
WALKER, J | WALKER, J,WALKER,J
CALVO, JJ | CALVO, JJ,CALVO,JJ
GOLDENHERSH, JJ | GOLDENHERSH, JJ,GOLDENHERSH,JJ
CALVO, JJ | CALVO, JJ,CALVO,JJ
WATERMAN, P. J | WATERMAN, P. J,WATERMAN,P. J
WATERMAN, P. J | WATERMAN, P. J,WATERMAN,P. J
WEBBER, J | WEBBER, J,WEBBER,J
WEIGHT, J | WEIGHT, J,WEIGHT,J
WEIGHT, Justice | WEIGHT, Justice,WEIGHT,Justice
WEIGHT, P. J | WEIGHT, P. J,WEIGHT,P. J
WELCH, J | WELCH, J,WELCH,J
WELCH, P.J | WELCH, P.J,WELCH,P.J
WHITE, P.J | WHITE, P.J,WHITE,P.J
WOLFSON, J | WOLFSON, J,WOLFSON,J
WOMBACHER, J | WOMBACHER, J,WOMBACHER,J
WOMBACHER, P.J | WOMBACHER, P.J,WOMBACHER,P.J
WOODWARD, J | WOODWARD, J,WOODWARD,J
WRIGHT, J | WRIGHT, J,WRIGHT,J
WRIGHT, Justice | WRIGHT, Justice,WRIGHT,Justice
WRIGHT, P. J | WRIGHT, P. J,WRIGHT,P. J
CROW, J | CROW, J,CROW,J
WRIGHT, P. J | WRIGHT, P. J,WRIGHT,P. J
Waliceb, J | Waliceb, J,Waliceb,J
Walkeb, J | Walkeb, J,Walkeb,J
Walked, J | Walked, J,Walked,J
Walkee, J | Walkee, J,Walkee,J
Scholfield, J | Scholfield, J,Scholfield,J
Scholfield, JJ | Scholfield, JJ,Scholfield,JJ
Walker, J | Walker, J,Walker,J
Walker, C. J | Walker, C. J,Walker,C. J
Walker, C. J | Walker, C. J,Walker,C. J
Scholfield, JJ | Scholfield, JJ,Scholfield,JJ
Walker, J | Walker, J,Walker,J
Walker, J | Walker, J,Walker,J
Walker, J | Walker, J,Walker,J
Walker, J | Walker, J,Walker,J
Walker, J | Walker, J,Walker,J
Walker, J. | Walker, J.,Walker,J.
Walker, J | Walker, J,Walker,J
Walker, J | Walker, J,Walker,J
Walker, Justice | Walker, Justice,Walker,Justice
Sheldon, JJ | Sheldon, JJ,Sheldon,JJ
Wall, J | Wall, J,Wall,J
Wall, J | Wall, J,Wall,J
Wall, J | Wall, J,Wall,J
Wall, P. J | Wall, P. J,Wall,P. J
Wall, P. J | Wall, P. J,Wall,P. J
Wall, P. J | Wall, P. J,Wall,P. J
Wall, P. J | Wall, P. J,Wall,P. J
Wall, P. J | Wall, P. J,Wall,P. J
Waltee, J | Waltee, J,Waltee,J
Watbemah, J | Watbemah, J,Watbemah,J
Watebman, J | Watebman, J,Watebman,J
Watebman, P. J | Watebman, P. J,Watebman,P. J
Watebmast, P. J | Watebmast, P. J,Watebmast,P. J
Watebmax, P. J | Watebmax, P. J,Watebmax,P. J
Wateejaah, P. J | Wateejaah, P. J,Wateejaah,P. J
Wateemah, J | Wateemah, J,Wateemah,J
Wateemaht, P. J | Wateemaht, P. J,Wateemaht,P. J
Wateemakt, P. J | Wateemakt, P. J,Wateemakt,P. J
Wateeman, P. J | Wateeman, P. J,Wateeman,P. J
Wateemait, P. J | Wateemait, P. J,Wateemait,P. J
Watekmah, J | Watekmah, J,Watekmah,J
Watekman, J | Watekman, J,Watekman,J
Watekmax, P. J | Watekmax, P. J,Watekmax,P. J
Watermab, J | Watermab, J,Watermab,J
Watermae, P. J | Watermae, P. J,Watermae,P. J
Watermaf, P. J | Watermaf, P. J,Watermaf,P. J
Watermah, P. J | Watermah, P. J,Watermah,P. J
Waterman, J | Waterman, J,Waterman,J
Waterman, J | Waterman, J,Waterman,J
Waterman, J | Waterman, J,Waterman,J
Waterman, J | Waterman, J,Waterman,J
Waterman, P. J | Waterman, P. J,Waterman,P. J
Waterman, P. J | Waterman, P. J,Waterman,P. J
Watermant, P. J | Watermant, P. J,Watermant,P. J
Watermar, P. J | Watermar, P. J,Watermar,P. J
Watermau, J | Watermau, J,Watermau,J
Wbloh, P. J | Wbloh, P. J,Wbloh,P. J
Welch, J | Welch, J,Welch,J
Welch, P. J | Welch, P. J,Welch,P. J
Weloh, J | Weloh, J,Weloh,J
Wham, J | Wham, J,Wham,J
Wheat, J | Wheat, J,Wheat,J
Wilkiit, J | Wilkiit, J,Wilkiit,J
Cartwright, JJ | Cartwright, JJ,Cartwright,JJ
Cartwright, C. J | Cartwright, C. J,Cartwright,C. J
Phillips, JJ | Phillips, JJ,Phillips,JJ
Wilkin, C. J | Wilkin, C. J,Wilkin,C. J
Hand, JJ | Hand, JJ,Hand,JJ
Cartwright, J | Cartwright, J,Cartwright,J
Wilkin, C. J | Wilkin, C. J,Wilkin,C. J
Hand, JJ | Hand, JJ,Hand,JJ
Scott, JJ | Scott, JJ,Scott,JJ
Wilkin, J | Wilkin, J,Wilkin,J
Farmer, J | Farmer, J,Farmer,J
Wilkin, J | Wilkin, J,Wilkin,J
Wilkin, P. J | Wilkin, P. J,Wilkin,P. J
Wilkiu, J | Wilkiu, J,Wilkiu,J
Williams, J | Williams, J,Williams,J
Williamson, J | Williamson, J,Williamson,J
Willis, J | Willis, J,Willis,J
Willis, J | Willis, J,Willis,J
Willis, P. J | Willis, P. J,Willis,P. J
Wilsoh, J | Wilsoh, J,Wilsoh,J
Wilsoh, P. J | Wilsoh, P. J,Wilsoh,P. J
Wilsoit, J | Wilsoit, J,Wilsoit,J
Wilsokt, J | Wilsokt, J,Wilsokt,J
Wilsom, P. J | Wilsom, P. J,Wilsom,P. J
Farthing, JJ | Farthing, JJ,Farthing,JJ
Wilson, C. J | Wilson, C. J,Wilson,C. J
Gunn, J | Gunn, J,Gunn,J
Shaw, J | Shaw, J,Shaw,J
Browne, Justice | Browne, Justice,Browne,Justice
Wilson, J | Wilson, J,Wilson,J
Wilson, J | Wilson, J,Wilson,J
Wilson, J | Wilson, J,Wilson,J
Wilson, J | Wilson, J,Wilson,J
Wilson, Justice | Wilson, Justice,Wilson,Justice
Wilson, P. J | Wilson, P. J,Wilson,P. J
Wilson, P. J | Wilson, P. J,Wilson,P. J
Hebel, J | Hebel, J,Hebel,J
Wilsor, P. J | Wilsor, P. J,Wilsor,P. J
Wilsos, J | Wilsos, J,Wilsos,J
Wilsou, J | Wilsou, J,Wilsou,J
Wilsoit, J | Wilsoit, J,Wilsoit,J
Wilsoit, P. J | Wilsoit, P. J,Wilsoit,P. J
Wilkin, J | Wilkin, J,Wilkin,J
Windes, J | Windes, J,Windes,J
Windes, J | Windes, J,Windes,J
Windes, J | Windes, J,Windes,J
Windtcs, J | Windtcs, J,Windtcs,J
Winsorr, P. J | Winsorr, P. J,Winsorr,P. J
Worthington, Justice | Worthington, Justice,Worthington,Justice
Wtlsoh, P. J | Wtlsoh, P. J,Wtlsoh,P. J
Young, J | Young, J,Young,J
Young, J. | Young, J.,Young,J.
Young, J | Young, J,Young,J
Young, J. | Young, J.,Young,J.
Waterman, J | Waterman, J,Waterman,J
gcATES, C. J | gcATES, C. J,gcATES,C. J
hloBAn, P. J | hloBAn, P. J,hloBAn,P. J
Garnett, J | Garnett, J,Garnett,J
Waterman, J | Waterman, J,Waterman,J
Lansden, J | Lansden, J,Lansden,J
Lawrence, J | Lawrence, J,Lawrence,J
Wall, J | Wall, J,Wall,J
