Presiding Justice LUND | Presiding Justice LUND,LUND
Presiding Justice HARRISON | Presiding Justice HARRISON,HARRISON
Presiding Justice SEIDENFELD | Presiding Justice SEIDENFELD,SEIDENFELD
Presiding Justice Wall | Presiding Justice Wall,Wall
Presiding Justice ABRAHAMSON | Presiding Justice ABRAHAMSON,ABRAHAMSON
Presiding Justice DOVE | Presiding Justice DOVE,DOVE
Presiding Justice Burke | Presiding Justice Burke,Burke
Presiding Justice Friend | Presiding Justice Friend,Friend
Presiding Justice Hates | Presiding Justice Hates,Hates
Presiding Justice Hayes | Presiding Justice Hayes,Hayes
Presiding Justice Hebel | Presiding Justice Hebel,Hebel
Presiding Justice Huffman | Presiding Justice Huffman,Huffman
Presiding Justice Huffman | Presiding Justice Huffman,Huffman
Presiding Justice Matchett | Presiding Justice Matchett,Matchett
Presiding Justice McSurely | Presiding Justice McSurely,McSurely
Presiding Justice Scanlan | Presiding Justice Scanlan,Scanlan
Presiding Justice Schwartz | Presiding Justice Schwartz,Schwartz
Presiding Justice Stone | Presiding Justice Stone,Stone
Presiding Justice Wolfe | Presiding Justice Wolfe,Wolfe
Presiding Justice Stone | Presiding Justice Stone,Stone
Presiding Justice Wolfe | Presiding Justice Wolfe,Wolfe
Presiding Justice BBYANT | Presiding Justice BBYANT,BBYANT
Presiding Justice BOBSON | Presiding Justice BOBSON,BOBSON
Presiding Justice BOETH | Presiding Justice BOETH,BOETH
Presiding Justice DEMPSEY | Presiding Justice DEMPSEY,DEMPSEY
Presiding Justice LEWE | Presiding Justice LEWE,LEWE
Presiding Justice NIEMEYEB | Presiding Justice NIEMEYEB,NIEMEYEB
Presiding Justice SCHEINEMAN | Presiding Justice SCHEINEMAN,SCHEINEMAN
Presiding Justice DEMPSEY | Presiding Justice DEMPSEY,DEMPSEY
Presiding Justice FEIEND | Presiding Justice FEIEND,FEIEND
Presiding Justice KILEY | Presiding Justice KILEY,KILEY
Presiding Justice NIEMEYEE | Presiding Justice NIEMEYEE,NIEMEYEE
Presiding Justice NASH | Presiding Justice NASH,NASH
Presiding Justice LINDBERG | Presiding Justice LINDBERG,LINDBERG
Presiding Justice FEINBERG | Presiding Justice FEINBERG,FEINBERG
Presiding Justice WEBBER | Presiding Justice WEBBER,WEBBER
Presiding Justice SCARIANO | Presiding Justice SCARIANO,SCARIANO
Presiding Justice ABRAHAMSON | Presiding Justice ABRAHAMSON,ABRAHAMSON
Presiding Justice ABRAHAMSON | Presiding Justice ABRAHAMSON,ABRAHAMSON
Presiding Justice ALLOY | Presiding Justice ALLOY,ALLOY
Presiding Justice ALLOY | Presiding Justice ALLOY,ALLOY
Presiding Justice ALLOY | Presiding Justice ALLOY,ALLOY
Presiding Justice APPLETON | Presiding Justice APPLETON,APPLETON
Presiding Justice APPLETON | Presiding Justice APPLETON,APPLETON
Presiding Justice BARDENS | Presiding Justice BARDENS,BARDENS
Presiding Justice BARDENS | Presiding Justice BARDENS,BARDENS
Presiding Justice BARRY | Presiding Justice BARRY,BARRY
Presiding Justice BARRY | Presiding Justice BARRY,BARRY
Presiding Justice BILANDIC | Presiding Justice BILANDIC,BILANDIC
Presiding Justice BILANDIC | Presiding Justice BILANDIC,BILANDIC
Presiding Justice BOWMAN | Presiding Justice BOWMAN,BOWMAN
Presiding Justice BOWMAN | Presiding Justice BOWMAN,BOWMAN
Presiding Justice BRESLIN | Presiding Justice BRESLIN,BRESLIN
Presiding Justice BRESLIN | Presiding Justice BRESLIN,BRESLIN
Presiding Justice BRYANT | Presiding Justice BRYANT,BRYANT
Presiding Justice BRYANT | Presiding Justice BRYANT,BRYANT
Presiding Justice BRYANT | Presiding Justice BRYANT,BRYANT
Presiding Justice BRYANT | Presiding Justice BRYANT,BRYANT
Presiding Justice BUCKLEY | Presiding Justice BUCKLEY,BUCKLEY
Presiding Justice BUCKLEY | Presiding Justice BUCKLEY,BUCKLEY
Presiding Justice BURKE | Presiding Justice BURKE,BURKE
Presiding Justice BURKE | Presiding Justice BURKE,BURKE
Presiding Justice BURMAN | Presiding Justice BURMAN,BURMAN
Presiding Justice BURMAN | Presiding Justice BURMAN,BURMAN
Presiding Justice BURMAN | Presiding Justice BURMAN,BURMAN
Presiding Justice BYRNE | Presiding Justice BYRNE,BYRNE
Presiding Justice CAHILI | Presiding Justice CAHILI,CAHILI
Presiding Justice CAHILL | Presiding Justice CAHILL,CAHILL
Presiding Justice CAHILL | Presiding Justice CAHILL,CAHILL
Presiding Justice CAMPBELL | Presiding Justice CAMPBELL,CAMPBELL
Presiding Justice CAMPBELL | Presiding Justice CAMPBELL,CAMPBELL
Presiding Justice CARROLL | Presiding Justice CARROLL,CARROLL
Presiding Justice CARROLL | Presiding Justice CARROLL,CARROLL
Presiding Justice CARTER | Presiding Justice CARTER,CARTER
Presiding Justice CERDA | Presiding Justice CERDA,CERDA
Presiding Justice CHAPMAN | Presiding Justice CHAPMAN,CHAPMAN
Presiding Justice CHAPMAN | Presiding Justice CHAPMAN,CHAPMAN
Presiding Justice COCCIA | Presiding Justice COCCIA,COCCIA
Presiding Justice COCCIA | Presiding Justice COCCIA,COCCIA
Presiding Justice COHEN | Presiding Justice COHEN,COHEN
Presiding Justice COLWELL | Presiding Justice COLWELL,COLWELL
Presiding Justice COOK | Presiding Justice COOK,COOK
Presiding Justice COOK | Presiding Justice COOK,COOK
Presiding Justice CORYN | Presiding Justice CORYN,CORYN
Presiding Justice COUSINS | Presiding Justice COUSINS,COUSINS
Presiding Justice COUSINS | Presiding Justice COUSINS,COUSINS
Presiding Justice CRAVEN | Presiding Justice CRAVEN,CRAVEN
Presiding Justice CROW | Presiding Justice CROW,CROW
Presiding Justice CROW | Presiding Justice CROW,CROW
Presiding Justice CULBERTSON | Presiding Justice CULBERTSON,CULBERTSON
Presiding Justice CULBERTSON | Presiding Justice CULBERTSON,CULBERTSON
Presiding Justice CUNNINGHAM | Presiding Justice CUNNINGHAM,CUNNINGHAM
Presiding Justice CUNNINGHAM | Presiding Justice CUNNINGHAM,CUNNINGHAM
Presiding Justice DEMP | Presiding Justice DEMP,DEMP
Presiding Justice DEMPSET | Presiding Justice DEMPSET,DEMPSET
Presiding Justice DEMPSEY | Presiding Justice DEMPSEY,DEMPSEY
Presiding Justice DEMPSEY | Presiding Justice DEMPSEY,DEMPSEY
Presiding Justice DEMPSEY | Presiding Justice DEMPSEY,DEMPSEY
Presiding Justice DIVITO | Presiding Justice DIVITO,DIVITO
Presiding Justice DONOVAN | Presiding Justice DONOVAN,DONOVAN
Presiding Justice DONOVAN | Presiding Justice DONOVAN,DONOVAN
Presiding Justice DOVE | Presiding Justice DOVE,DOVE
Presiding Justice DOVE | Presiding Justice DOVE,DOVE
Presiding Justice DOWNING | Presiding Justice DOWNING,DOWNING
Presiding Justice DOWNING | Presiding Justice DOWNING,DOWNING
Presiding Justice DOYE | Presiding Justice DOYE,DOYE
Presiding Justice DOYE | Presiding Justice DOYE,DOYE
Presiding Justice DRUCKER | Presiding Justice DRUCKER,DRUCKER
Presiding Justice DiVITO | Presiding Justice DiVITO,DiVITO
Presiding Justice DiVITO | Presiding Justice DiVITO,DiVITO
Presiding Justice EARNS | Presiding Justice EARNS,EARNS
Presiding Justice EARNS | Presiding Justice EARNS,EARNS
Presiding Justice EBERSPACHER | Presiding Justice EBERSPACHER,EBERSPACHER
Presiding Justice EEINBERG | Presiding Justice EEINBERG,EEINBERG
Presiding Justice EEINBERG | Presiding Justice EEINBERG,EEINBERG
Presiding Justice EGAN | Presiding Justice EGAN,EGAN
Presiding Justice EGAN | Presiding Justice EGAN,EGAN
Presiding Justice EILET | Presiding Justice EILET,EILET
Presiding Justice EOVALDI | Presiding Justice EOVALDI,EOVALDI
Presiding Justice FEINBERG | Presiding Justice FEINBERG,FEINBERG
Presiding Justice FEINBERG | Presiding Justice FEINBERG,FEINBERG
Presiding Justice FREEMAN | Presiding Justice FREEMAN,FREEMAN
Presiding Justice FRIEND | Presiding Justice FRIEND,FRIEND
Presiding Justice FRIEND | Presiding Justice FRIEND,FRIEND
Presiding Justice GALLAGHER | Presiding Justice GALLAGHER,GALLAGHER
Presiding Justice GARCIA | Presiding Justice GARCIA,GARCIA
Presiding Justice GARCIA | Presiding Justice GARCIA,GARCIA
Presiding Justice GARMAN | Presiding Justice GARMAN,GARMAN
Presiding Justice GARMAN | Presiding Justice GARMAN,GARMAN
Presiding Justice GARMAN | Presiding Justice GARMAN,GARMAN
Presiding Justice GEIGER | Presiding Justice GEIGER,GEIGER
Presiding Justice GEIGER | Presiding Justice GEIGER,GEIGER
Presiding Justice GEOMETER | Presiding Justice GEOMETER,GEOMETER
Presiding Justice GEOMETER | Presiding Justice GEOMETER,GEOMETER
Presiding Justice GOLDENHERSH | Presiding Justice GOLDENHERSH,GOLDENHERSH
Presiding Justice GOLDENHERSH | Presiding Justice GOLDENHERSH,GOLDENHERSH
Presiding Justice GOLDENHERSH | Presiding Justice GOLDENHERSH,GOLDENHERSH
Presiding Justice GOLDENHERSH | Presiding Justice GOLDENHERSH,GOLDENHERSH
Presiding Justice GORDON | Presiding Justice GORDON,GORDON
Presiding Justice GORDON | Presiding Justice GORDON,GORDON
Presiding Justice GOEDON | Presiding Justice GOEDON,GOEDON
Presiding Justice GREEN | Presiding Justice GREEN,GREEN
Presiding Justice GREEN | Presiding Justice GREEN,GREEN
Presiding Justice GREIMAN | Presiding Justice GREIMAN,GREIMAN
Presiding Justice GREIMAN | Presiding Justice GREIMAN,GREIMAN
Presiding Justice GROMETER | Presiding Justice GROMETER,GROMETER
Presiding Justice HALL | Presiding Justice HALL,HALL
Presiding Justice HALL | Presiding Justice HALL,HALL
Presiding Justice HARRISON | Presiding Justice HARRISON,HARRISON
Presiding Justice HARRISON | Presiding Justice HARRISON,HARRISON
Presiding Justice HARTMAN | Presiding Justice HARTMAN,HARTMAN
Presiding Justice HARTMAN | Presiding Justice HARTMAN,HARTMAN
Presiding Justice HEIPLE | Presiding Justice HEIPLE,HEIPLE
Presiding Justice HEIPLE | Presiding Justice HEIPLE,HEIPLE
Presiding Justice HIBBS | Presiding Justice HIBBS,HIBBS
Presiding Justice HOFFMAN | Presiding Justice HOFFMAN,HOFFMAN
Presiding Justice HOFFMAN | Presiding Justice HOFFMAN,HOFFMAN
Presiding Justice HOLDRIDGE | Presiding Justice HOLDRIDGE,HOLDRIDGE
Presiding Justice HOLDRIDGE | Presiding Justice HOLDRIDGE,HOLDRIDGE
Presiding Justice HOMER | Presiding Justice HOMER,HOMER
Presiding Justice HOMER | Presiding Justice HOMER,HOMER
Presiding Justice HOPKINS | Presiding Justice HOPKINS,HOPKINS
Presiding Justice HOURIHANE | Presiding Justice HOURIHANE,HOURIHANE
Presiding Justice HOURIHANE | Presiding Justice HOURIHANE,HOURIHANE
Presiding Justice HUTCHINSON | Presiding Justice HUTCHINSON,HUTCHINSON
Presiding Justice HUTCHINSON | Presiding Justice HUTCHINSON,HUTCHINSON
Presiding Justice INGLIS | Presiding Justice INGLIS,INGLIS
Presiding Justice INGLIS | Presiding Justice INGLIS,INGLIS
Presiding Justice JIGANTI | Presiding Justice JIGANTI,JIGANTI
Presiding Justice JIGANTI | Presiding Justice JIGANTI,JIGANTI
Presiding Justice JOHNSON | Presiding Justice JOHNSON,JOHNSON
Presiding Justice JOHNSON | Presiding Justice JOHNSON,JOHNSON
Presiding Justice JONES | Presiding Justice JONES,JONES
Presiding Justice JONES | Presiding Justice JONES,JONES
Presiding Justice JORGENSEN | Presiding Justice JORGENSEN,JORGENSEN
Presiding Justice KARNEZIS | Presiding Justice KARNEZIS,KARNEZIS
Presiding Justice KARNS | Presiding Justice KARNS,KARNS
Presiding Justice KARNS | Presiding Justice KARNS,KARNS
Presiding Justice KASSERMAN | Presiding Justice KASSERMAN,KASSERMAN
Presiding Justice KASSERMAN | Presiding Justice KASSERMAN,KASSERMAN
Presiding Justice KILEY | Presiding Justice KILEY,KILEY
Presiding Justice KILEY | Presiding Justice KILEY,KILEY
Presiding Justice KLUCZYNSKI | Presiding Justice KLUCZYNSKI,KLUCZYNSKI
Presiding Justice KNECHT | Presiding Justice KNECHT,KNECHT
Presiding Justice KNECHT | Presiding Justice KNECHT,KNECHT
Presiding Justice KUEHN | Presiding Justice KUEHN,KUEHN
Presiding Justice KUEHN | Presiding Justice KUEHN,KUEHN
Presiding Justice LEAVITT | Presiding Justice LEAVITT,LEAVITT
Presiding Justice LEWE | Presiding Justice LEWE,LEWE
Presiding Justice LEWE | Presiding Justice LEWE,LEWE
Presiding Justice LEWIS | Presiding Justice LEWIS,LEWIS
Presiding Justice LEWIS | Presiding Justice LEWIS,LEWIS
Presiding Justice LEWS | Presiding Justice LEWS,LEWS
Presiding Justice LINDBERG | Presiding Justice LINDBERG,LINDBERG
Presiding Justice LINDBERG | Presiding Justice LINDBERG,LINDBERG
Presiding Justice LINN | Presiding Justice LINN,LINN
Presiding Justice LINN | Presiding Justice LINN,LINN
Presiding Justice LORENZ | Presiding Justice LORENZ,LORENZ
Presiding Justice LORENZ | Presiding Justice LORENZ,LORENZ
Presiding Justice LUND | Presiding Justice LUND,LUND
Presiding Justice LUND | Presiding Justice LUND,LUND
Presiding Justice LYONS | Presiding Justice LYONS,LYONS
Presiding Justice LYONS | Presiding Justice LYONS,LYONS
Presiding Justice LYONS | Presiding Justice LYONS,LYONS
Presiding Justice LYTTON | Presiding Justice LYTTON,LYTTON
Presiding Justice LYTTON | Presiding Justice LYTTON,LYTTON
Presiding Justice LaPORTA | Presiding Justice LaPORTA,LaPORTA
Presiding Justice MAAG | Presiding Justice MAAG,MAAG
Presiding Justice MANNING | Presiding Justice MANNING,MANNING
Presiding Justice MANNING | Presiding Justice MANNING,MANNING
Presiding Justice MANNING | Presiding Justice MANNING,MANNING
Presiding Justice MCCULLOUGH | Presiding Justice MCCULLOUGH,MCCULLOUGH
Presiding Justice MCCULLOUGH | Presiding Justice MCCULLOUGH,MCCULLOUGH
Presiding Justice MCCORMICK | Presiding Justice MCCORMICK,MCCORMICK
Presiding Justice MEJDA | Presiding Justice MEJDA,MEJDA
Presiding Justice MEJDA | Presiding Justice MEJDA,MEJDA
Presiding Justice MILLS | Presiding Justice MILLS,MILLS
Presiding Justice MILLS | Presiding Justice MILLS,MILLS
Presiding Justice MORAN | Presiding Justice MORAN,MORAN
Presiding Justice MORAN | Presiding Justice MORAN,MORAN
Presiding Justice MURPHY | Presiding Justice MURPHY,MURPHY
Presiding Justice MURPHY | Presiding Justice MURPHY,MURPHY
Presiding Justice MURPHY | Presiding Justice MURPHY,MURPHY
Presiding Justice MURRAY | Presiding Justice MURRAY,MURRAY
Presiding Justice MURRAY | Presiding Justice MURRAY,MURRAY
Presiding Justice MURRAY | Presiding Justice MURRAY,MURRAY
Presiding Justice MURPHY | Presiding Justice MURPHY,MURPHY
Presiding Justice MYERSCOUGH | Presiding Justice MYERSCOUGH,MYERSCOUGH
Presiding Justice MYERSCOUGH | Presiding Justice MYERSCOUGH,MYERSCOUGH
Presiding Justice McBRIDE | Presiding Justice McBRIDE,McBRIDE
Presiding Justice McBRIDE | Presiding Justice McBRIDE,McBRIDE
Presiding Justice McCORMICK | Presiding Justice McCORMICK,McCORMICK
Presiding Justice McCORMICK | Presiding Justice McCORMICK,McCORMICK
Presiding Justice McCORMICK | Presiding Justice McCORMICK,McCORMICK
Presiding Justice McCORMlCK | Presiding Justice McCORMlCK,McCORMlCK
Presiding Justice McCORMICK | Presiding Justice McCORMICK,McCORMICK
Presiding Justice McCULLOUGH | Presiding Justice McCULLOUGH,McCULLOUGH
Presiding Justice McCULLOUGH | Presiding Justice McCULLOUGH,McCULLOUGH
Presiding Justice McCUSKEY | Presiding Justice McCUSKEY,McCUSKEY
Presiding Justice McCUSKEY | Presiding Justice McCUSKEY,McCUSKEY
Presiding Justice McDADE | Presiding Justice McDADE,McDADE
Presiding Justice McDADE | Presiding Justice McDADE,McDADE
Presiding Justice McGLOON | Presiding Justice McGLOON,McGLOON
Presiding Justice McLAREN | Presiding Justice McLAREN,McLAREN
Presiding Justice McLAREN | Presiding Justice McLAREN,McLAREN
Presiding Justice McMORROW | Presiding Justice McMORROW,McMORROW
Presiding Justice McMORROW | Presiding Justice McMORROW,McMORROW
Presiding Justice McNAMARA | Presiding Justice McNAMARA,McNAMARA
Presiding Justice McNAMARA | Presiding Justice McNAMARA,McNAMARA
Presiding Justice McNEAL | Presiding Justice McNEAL,McNEAL
Presiding Justice McNEAL | Presiding Justice McNEAL,McNEAL
Presiding Justice McNULTY | Presiding Justice McNULTY,McNULTY
Presiding Justice McNULTY | Presiding Justice McNULTY,McNULTY
Presiding Justice MeMORROW | Presiding Justice MeMORROW,MeMORROW
Presiding Justice MoCORMICK | Presiding Justice MoCORMICK,MoCORMICK
Presiding Justice MoCORMICK | Presiding Justice MoCORMICK,MoCORMICK
Presiding Justice MoNEAL | Presiding Justice MoNEAL,MoNEAL
Presiding Justice NASH | Presiding Justice NASH,NASH
Presiding Justice NASH | Presiding Justice NASH,NASH
Presiding Justice NEVILLE | Presiding Justice NEVILLE,NEVILLE
Presiding Justice NEVILLE | Presiding Justice NEVILLE,NEVILLE
Presiding Justice NIEMETER | Presiding Justice NIEMETER,NIEMETER
Presiding Justice NIEMEYER | Presiding Justice NIEMEYER,NIEMEYER
Presiding Justice NIEMEYER | Presiding Justice NIEMEYER,NIEMEYER
Presiding Justice QUINLAN | Presiding Justice QUINLAN,QUINLAN
Presiding Justice QUINLAN | Presiding Justice QUINLAN,QUINLAN
Presiding Justice QUINN | Presiding Justice QUINN,QUINN
Presiding Justice QUINN | Presiding Justice QUINN,QUINN
Presiding Justice RAKOWSKI | Presiding Justice RAKOWSKI,RAKOWSKI
Presiding Justice RAKOWSKI | Presiding Justice RAKOWSKI,RAKOWSKI
Presiding Justice RAKOWSKJ | Presiding Justice RAKOWSKJ,RAKOWSKJ
Presiding Justice RARICK | Presiding Justice RARICK,RARICK
Presiding Justice RARICK | Presiding Justice RARICK,RARICK
Presiding Justice RARIGK | Presiding Justice RARIGK,RARIGK
Presiding Justice REID | Presiding Justice REID,REID
Presiding Justice REID | Presiding Justice REID,REID
Presiding Justice REINHARD | Presiding Justice REINHARD,REINHARD
Presiding Justice REINHARD | Presiding Justice REINHARD,REINHARD
Presiding Justice REYNOLDS | Presiding Justice REYNOLDS,REYNOLDS
Presiding Justice REYNOLDS | Presiding Justice REYNOLDS,REYNOLDS
Presiding Justice RIZZI | Presiding Justice RIZZI,RIZZI
Presiding Justice RIZZI | Presiding Justice RIZZI,RIZZI
Presiding Justice ROBSON | Presiding Justice ROBSON,ROBSON
Presiding Justice ROBSON | Presiding Justice ROBSON,ROBSON
Presiding Justice ROETH | Presiding Justice ROETH,ROETH
Presiding Justice ROETH | Presiding Justice ROETH,ROETH
Presiding Justice ROMITI | Presiding Justice ROMITI,ROMITI
Presiding Justice ROMITI | Presiding Justice ROMITI,ROMITI
Presiding Justice RYAN | Presiding Justice RYAN,RYAN
Presiding Justice SCARIANO | Presiding Justice SCARIANO,SCARIANO
Presiding Justice SCARIANO | Presiding Justice SCARIANO,SCARIANO
Presiding Justice SCHEINEMAN | Presiding Justice SCHEINEMAN,SCHEINEMAN
Presiding Justice SCHEINEMAN | Presiding Justice SCHEINEMAN,SCHEINEMAN
Presiding Justice SCHMIDT | Presiding Justice SCHMIDT,SCHMIDT
Presiding Justice SCHMIDT | Presiding Justice SCHMIDT,SCHMIDT
Presiding Justice SCHWARTZ | Presiding Justice SCHWARTZ,SCHWARTZ
Presiding Justice SCHWARTZ | Presiding Justice SCHWARTZ,SCHWARTZ
Presiding Justice SCOTT | Presiding Justice SCOTT,SCOTT
Presiding Justice SEIDENFELD | Presiding Justice SEIDENFELD,SEIDENFELD
Presiding Justice SEIDENFELD | Presiding Justice SEIDENFELD,SEIDENFELD
Presiding Justice SLATER | Presiding Justice SLATER,SLATER
Presiding Justice SLATER | Presiding Justice SLATER,SLATER
Presiding Justice SMITH | Presiding Justice SMITH,SMITH
Presiding Justice SOLFISBURG | Presiding Justice SOLFISBURG,SOLFISBURG
Presiding Justice SOLFISBURG | Presiding Justice SOLFISBURG,SOLFISBURG
Presiding Justice SOUTH | Presiding Justice SOUTH,SOUTH
Presiding Justice SOUTH | Presiding Justice SOUTH,SOUTH
Presiding Justice SPITZ | Presiding Justice SPITZ,SPITZ
Presiding Justice SPITZ | Presiding Justice SPITZ,SPITZ
Presiding Justice SPIVEY | Presiding Justice SPIVEY,SPIVEY
Presiding Justice SPIVEY | Presiding Justice SPIVEY,SPIVEY
Presiding Justice SPIYEY | Presiding Justice SPIYEY,SPIYEY
Presiding Justice SPOMER | Presiding Justice SPOMER,SPOMER
Presiding Justice SPOMER | Presiding Justice SPOMER,SPOMER
Presiding Justice STAMOS | Presiding Justice STAMOS,STAMOS
Presiding Justice STAMOS | Presiding Justice STAMOS,STAMOS
Presiding Justice STEIGMANN | Presiding Justice STEIGMANN,STEIGMANN
Presiding Justice STEIGMANN | Presiding Justice STEIGMANN,STEIGMANN
Presiding Justice STEWART | Presiding Justice STEWART,STEWART
Presiding Justice STOUDER | Presiding Justice STOUDER,STOUDER
Presiding Justice STOUDER | Presiding Justice STOUDER,STOUDER
Presiding Justice STOUDER | Presiding Justice STOUDER,STOUDER
Presiding Justice STOUDER | Presiding Justice STOUDER,STOUDER
Presiding Justice SULLIVAN | Presiding Justice SULLIVAN,SULLIVAN
Presiding Justice SULLIVAN | Presiding Justice SULLIVAN,SULLIVAN
Presiding Justice SULLIVAN | Presiding Justice SULLIVAN,SULLIVAN
Presiding Justice SULLRAN | Presiding Justice SULLRAN,SULLRAN
Presiding Justice SULLrVAN | Presiding Justice SULLrVAN,SULLrVAN
Presiding Justice THEIS | Presiding Justice THEIS,THEIS
Presiding Justice THEIS | Presiding Justice THEIS,THEIS
Presiding Justice TOOMIN | Presiding Justice TOOMIN,TOOMIN
Presiding Justice TRAPP | Presiding Justice TRAPP,TRAPP
Presiding Justice TRAPP | Presiding Justice TRAPP,TRAPP
Presiding Justice TULLY | Presiding Justice TULLY,TULLY
Presiding Justice TULLY | Presiding Justice TULLY,TULLY
Presiding Justice TURNER | Presiding Justice TURNER,TURNER
Presiding Justice TURNER | Presiding Justice TURNER,TURNER
Presiding Justice UNVERZAGT | Presiding Justice UNVERZAGT,UNVERZAGT
Presiding Justice UNVERZAGT | Presiding Justice UNVERZAGT,UNVERZAGT
Presiding Justice WEBBER | Presiding Justice WEBBER,WEBBER
Presiding Justice WEBBER | Presiding Justice WEBBER,WEBBER
Presiding Justice WEBBER | Presiding Justice WEBBER,WEBBER
Presiding Justice WELCH | Presiding Justice WELCH,WELCH
Presiding Justice WELCH | Presiding Justice WELCH,WELCH
Presiding Justice WEXSTTEN | Presiding Justice WEXSTTEN,WEXSTTEN
Presiding Justice WEXSTTEN | Presiding Justice WEXSTTEN,WEXSTTEN
Presiding Justice WHITE | Presiding Justice WHITE,WHITE
Presiding Justice WHITE | Presiding Justice WHITE,WHITE
Presiding Justice WILSON | Presiding Justice WILSON,WILSON
Presiding Justice WOLFE | Presiding Justice WOLFE,WOLFE
Presiding Justice WOLFSON | Presiding Justice WOLFSON,WOLFSON
Presiding Justice WOLFSON | Presiding Justice WOLFSON,WOLFSON
Presiding Justice WOMBACHER | Presiding Justice WOMBACHER,WOMBACHER
Presiding Justice WOMBACHER | Presiding Justice WOMBACHER,WOMBACHER
Presiding Justice WRIGHT | Presiding Justice WRIGHT,WRIGHT
Presiding Justice WRIGHT | Presiding Justice WRIGHT,WRIGHT
Presiding Justice ZENOFF | Presiding Justice ZENOFF,ZENOFF
Presiding Justice ZENOFF | Presiding Justice ZENOFF,ZENOFF
Presiding Justice ZWICK | Presiding Justice ZWICK,ZWICK
Presiding Justice ZWICK | Presiding Justice ZWICK,ZWICK
Presiding Justice COOK | Presiding Justice COOK,COOK
Presiding Justice ABRAHAMSON | Presiding Justice ABRAHAMSON,ABRAHAMSON
Presiding Justice BRYANT | Presiding Justice BRYANT,BRYANT
Presiding Justice BURKE | Presiding Justice BURKE,BURKE
Presiding Justice CRAVEN | Presiding Justice CRAVEN,CRAVEN
Presiding Justice CROW | Presiding Justice CROW,CROW
Presiding Justice DOVE | Presiding Justice DOVE,DOVE
Presiding Justice FRIEND | Presiding Justice FRIEND,FRIEND
Presiding Justice KILEY | Presiding Justice KILEY,KILEY
Presiding Justice LYONS | Presiding Justice LYONS,LYONS
Presiding Justice MURPHY | Presiding Justice MURPHY,MURPHY
Presiding Justice McCORMICK | Presiding Justice McCORMICK,McCORMICK
Presiding Justice McNEAL | Presiding Justice McNEAL,McNEAL
Presiding Justice REYNOLDS | Presiding Justice REYNOLDS,REYNOLDS
Presiding Justice ROETH | Presiding Justice ROETH,ROETH
Presiding Justice SCHWARTZ | Presiding Justice SCHWARTZ,SCHWARTZ
Presiding Justice SPIVEY | Presiding Justice SPIVEY,SPIVEY
Presiding Justice SULLIVAN | Presiding Justice SULLIVAN,SULLIVAN
Presiding Justice ROETH | Presiding Justice ROETH,ROETH
Presiding Justice SOLFISBURG | Presiding Justice SOLFISBURG,SOLFISBURG
Presiding Justice BRYANT | Presiding Justice BRYANT,BRYANT
Presiding Justice CARROLL | Presiding Justice CARROLL,CARROLL
Presiding Justice CROW | Presiding Justice CROW,CROW
Presiding Justice CULBERTSON | Presiding Justice CULBERTSON,CULBERTSON
Presiding Justice DEMPSEY | Presiding Justice DEMPSEY,DEMPSEY
Presiding Justice DOVE | Presiding Justice DOVE,DOVE
Presiding Justice DOVE | Presiding Justice DOVE,DOVE
Presiding Justice HIBBS | Presiding Justice HIBBS,HIBBS
Presiding Justice LEWE | Presiding Justice LEWE,LEWE
Presiding Justice MURPHY | Presiding Justice MURPHY,MURPHY
Presiding Justice McNEAL | Presiding Justice McNEAL,McNEAL
Presiding Justice REYNOLDS | Presiding Justice REYNOLDS,REYNOLDS
Presiding Justice ROETH | Presiding Justice ROETH,ROETH
Presiding Justice KILEY | Presiding Justice KILEY,KILEY
Presiding Justice ROETH | Presiding Justice ROETH,ROETH
Presiding Justice FEINBERG | Presiding Justice FEINBERG,FEINBERG
Presiding Justice JIGANTI | Presiding Justice JIGANTI,JIGANTI
Presiding Justice ABRAHAMSON | Presiding Justice ABRAHAMSON,ABRAHAMSON
Presiding Justice BURKE | Presiding Justice BURKE,BURKE
Presiding Justice BURMAN | Presiding Justice BURMAN,BURMAN
Presiding Justice CARROLL | Presiding Justice CARROLL,CARROLL
Presiding Justice CROW | Presiding Justice CROW,CROW
Presiding Justice DEMPSEY | Presiding Justice DEMPSEY,DEMPSEY
Presiding Justice DOVE | Presiding Justice DOVE,DOVE
Presiding Justice EBERSPACHER | Presiding Justice EBERSPACHER,EBERSPACHER
Presiding Justice FRIEND | Presiding Justice FRIEND,FRIEND
Presiding Justice GOLDENHERSH | Presiding Justice GOLDENHERSH,GOLDENHERSH
Presiding Justice LYONS | Presiding Justice LYONS,LYONS
Presiding Justice MURPHY | Presiding Justice MURPHY,MURPHY
Presiding Justice McCORMICK | Presiding Justice McCORMICK,McCORMICK
Presiding Justice McNEAL | Presiding Justice McNEAL,McNEAL
Presiding Justice SCHEINEMAN | Presiding Justice SCHEINEMAN,SCHEINEMAN
Presiding Justice SPIVEY | Presiding Justice SPIVEY,SPIVEY
Presiding Justice STOUDER | Presiding Justice STOUDER,STOUDER
Presiding Justice BRYANT | Presiding Justice BRYANT,BRYANT
Presiding Justice BURKE | Presiding Justice BURKE,BURKE
Presiding Justice DOVE | Presiding Justice DOVE,DOVE
Presiding Justice GOLDENHERSH | Presiding Justice GOLDENHERSH,GOLDENHERSH
Presiding Justice KILEY | Presiding Justice KILEY,KILEY
Presiding Justice MURPHY | Presiding Justice MURPHY,MURPHY
Presiding Justice McCORMICK | Presiding Justice McCORMICK,McCORMICK
Presiding Justice McNEAL | Presiding Justice McNEAL,McNEAL
Presiding Justice MoCORMICK | Presiding Justice MoCORMICK,MoCORMICK
Presiding Justice NIEMEYER | Presiding Justice NIEMEYER,NIEMEYER
Presiding Justice REYNOLDS | Presiding Justice REYNOLDS,REYNOLDS
Presiding Justice SCHEINEMAN | Presiding Justice SCHEINEMAN,SCHEINEMAN
Presiding Justice SCHWARTZ | Presiding Justice SCHWARTZ,SCHWARTZ
Presiding Justice SMITH | Presiding Justice SMITH,SMITH
Presiding Justice SULLIVAN | Presiding Justice SULLIVAN,SULLIVAN
Presiding Justice WOLFE | Presiding Justice WOLFE,WOLFE
Presiding Justice Reynolds | Presiding Justice Reynolds,Reynolds
Presiding Justice CROW | Presiding Justice CROW,CROW
Presiding Justice Lupe | Presiding Justice Lupe,Lupe
Presiding Justice Kilby | Presiding Justice Kilby,Kilby
Presiding Justice Hatchett | Presiding Justice Hatchett,Hatchett
Presiding Justice Niemeyer | Presiding Justice Niemeyer,Niemeyer
Presiding Justice Bardens | Presiding Justice Bardens,Bardens
Presiding Justice Bartlet | Presiding Justice Bartlet,Bartlet
Presiding Justice Bartley | Presiding Justice Bartley,Bartley
Presiding Justice Beynolds | Presiding Justice Beynolds,Beynolds
Presiding Justice Biess | Presiding Justice Biess,Biess
Presiding Justice Bobson | Presiding Justice Bobson,Bobson
Presiding Justice Bristow | Presiding Justice Bristow,Bristow
Presiding Justice Bristow | Presiding Justice Bristow,Bristow
Presiding Justice Bubke | Presiding Justice Bubke,Bubke
Presiding Justice Burke | Presiding Justice Burke,Burke
Presiding Justice Crabtree | Presiding Justice Crabtree,Crabtree
Presiding Justice Culbertson | Presiding Justice Culbertson,Culbertson
Presiding Justice Culbertson | Presiding Justice Culbertson,Culbertson
Presiding Justice Dadt | Presiding Justice Dadt,Dadt
Presiding Justice Dady | Presiding Justice Dady,Dady
Presiding Justice Dove | Presiding Justice Dove,Dove
Presiding Justice Dove | Presiding Justice Dove,Dove
Presiding Justice Eeinberg | Presiding Justice Eeinberg,Eeinberg
Presiding Justice Eriend | Presiding Justice Eriend,Eriend
Presiding Justice Fbinberg | Presiding Justice Fbinberg,Fbinberg
Presiding Justice Feinberg | Presiding Justice Feinberg,Feinberg
Presiding Justice Feinberg | Presiding Justice Feinberg,Feinberg
Presiding Justice Friend | Presiding Justice Friend,Friend
Presiding Justice Fulton | Presiding Justice Fulton,Fulton
Presiding Justice Hatchett | Presiding Justice Hatchett,Hatchett
Presiding Justice Hates | Presiding Justice Hates,Hates
Presiding Justice Hayes | Presiding Justice Hayes,Hayes
Presiding Justice Hbbel | Presiding Justice Hbbel,Hbbel
Presiding Justice Hebel | Presiding Justice Hebel,Hebel
Presiding Justice Hebel | Presiding Justice Hebel,Hebel
Presiding Justice Hiemeyer | Presiding Justice Hiemeyer,Hiemeyer
Presiding Justice Higbee | Presiding Justice Higbee,Higbee
Presiding Justice Huffman | Presiding Justice Huffman,Huffman
Presiding Justice Huffman | Presiding Justice Huffman,Huffman
Presiding Justice Kilby | Presiding Justice Kilby,Kilby
Presiding Justice Kilet | Presiding Justice Kilet,Kilet
Presiding Justice Kiley | Presiding Justice Kiley,Kiley
Presiding Justice Lewe | Presiding Justice Lewe,Lewe
Presiding Justice Lews | Presiding Justice Lews,Lews
Presiding Justice Matchett | Presiding Justice Matchett,Matchett
Presiding Justice Matohett | Presiding Justice Matohett,Matohett
Presiding Justice McSurely | Presiding Justice McSurely,McSurely
Presiding Justice Nibmeyer | Presiding Justice Nibmeyer,Nibmeyer
Presiding Justice Niembyer | Presiding Justice Niembyer,Niembyer
Presiding Justice Niemeter | Presiding Justice Niemeter,Niemeter
Presiding Justice Niemeyeb | Presiding Justice Niemeyeb,Niemeyeb
Presiding Justice Niemeyer | Presiding Justice Niemeyer,Niemeyer
Presiding Justice Niemeyer | Presiding Justice Niemeyer,Niemeyer
Presiding Justice Niemeykr | Presiding Justice Niemeykr,Niemeykr
Presiding Justice Niemeyer | Presiding Justice Niemeyer,Niemeyer
Presiding Justice Peinberg | Presiding Justice Peinberg,Peinberg
Presiding Justice Reynolds | Presiding Justice Reynolds,Reynolds
Presiding Justice Riess | Presiding Justice Riess,Riess
Presiding Justice Robson | Presiding Justice Robson,Robson
Presiding Justice Scanlan | Presiding Justice Scanlan,Scanlan
Presiding Justice Scheinbman | Presiding Justice Scheinbman,Scheinbman
Presiding Justice Scheineman | Presiding Justice Scheineman,Scheineman
Presiding Justice Scheineman | Presiding Justice Scheineman,Scheineman
Presiding Justice Schwartz | Presiding Justice Schwartz,Schwartz
Presiding Justice Soheineman | Presiding Justice Soheineman,Soheineman
Presiding Justice Stone | Presiding Justice Stone,Stone
Presiding Justice Sullivan | Presiding Justice Sullivan,Sullivan
Presiding Justice Sullivan | Presiding Justice Sullivan,Sullivan
Presiding Justice Tuoht | Presiding Justice Tuoht,Tuoht
Presiding Justice Tuohy | Presiding Justice Tuohy,Tuohy
Presiding Justice Wheat | Presiding Justice Wheat,Wheat
Presiding Justice Wolee | Presiding Justice Wolee,Wolee
Presiding Justice Wolfe | Presiding Justice Wolfe,Wolfe
Presiding Justice Wolf | Presiding Justice Wolf,Wolf
Presiding Justice Wolpe | Presiding Justice Wolpe,Wolpe
Presiding Justice Burke | Presiding Justice Burke,Burke
Presiding Justice Culbertson | Presiding Justice Culbertson,Culbertson
Presiding Justice Dove | Presiding Justice Dove,Dove
Presiding Justice Friend | Presiding Justice Friend,Friend
Presiding Justice Kiley | Presiding Justice Kiley,Kiley
Presiding Justice Lews | Presiding Justice Lews,Lews
Presiding Justice Matchett | Presiding Justice Matchett,Matchett
Presiding Justice Niemeyek | Presiding Justice Niemeyek,Niemeyek
Presiding Justice Scanlan | Presiding Justice Scanlan,Scanlan
Presiding Justice Sullivan | Presiding Justice Sullivan,Sullivan
Presiding Justice Wolfe | Presiding Justice Wolfe,Wolfe
Presiding Justice Friend | Presiding Justice Friend,Friend
Presiding Justice Culbertson | Presiding Justice Culbertson,Culbertson
Presiding Justice Dady | Presiding Justice Dady,Dady
Presiding Justice Feinberg | Presiding Justice Feinberg,Feinberg
Presiding Justice Hebel | Presiding Justice Hebel,Hebel
Presiding Justice Lewe | Presiding Justice Lewe,Lewe
Presiding Justice Lews | Presiding Justice Lews,Lews
Presiding Justice Matchett | Presiding Justice Matchett,Matchett
Presiding Justice Niemeyer | Presiding Justice Niemeyer,Niemeyer
Presiding Justice Scanlan | Presiding Justice Scanlan,Scanlan
Presiding Justice Sullivan | Presiding Justice Sullivan,Sullivan
Presiding Justice Tuohy | Presiding Justice Tuohy,Tuohy
Presiding Justice Bardens | Presiding Justice Bardens,Bardens
Presiding Justice Burke | Presiding Justice Burke,Burke
Presiding Justice Dove | Presiding Justice Dove,Dove
Presiding Justice Feinberg | Presiding Justice Feinberg,Feinberg
Presiding Justice Friend | Presiding Justice Friend,Friend
Presiding Justice Fulton | Presiding Justice Fulton,Fulton
Presiding Justice Hayes | Presiding Justice Hayes,Hayes
Presiding Justice Hebel | Presiding Justice Hebel,Hebel
Presiding Justice Huffman | Presiding Justice Huffman,Huffman
Presiding Justice Kiley | Presiding Justice Kiley,Kiley
Presiding Justice Lewe | Presiding Justice Lewe,Lewe
Presiding Justice Lews | Presiding Justice Lews,Lews
Presiding Justice Matchett | Presiding Justice Matchett,Matchett
Presiding Justice Niemeyer | Presiding Justice Niemeyer,Niemeyer
Presiding Justice Sullivan | Presiding Justice Sullivan,Sullivan
Presiding Justice Wolfe | Presiding Justice Wolfe,Wolfe
Presiding Justice Shepard | Presiding Justice Shepard,Shepard
Presiding Justice Eeeeman | Presiding Justice Eeeeman,Eeeeman
Presiding Justice Shepard | Presiding Justice Shepard,Shepard
Presiding Justice Waterman | Presiding Justice Waterman,Waterman
Presiding Justice Wall | Presiding Justice Wall,Wall
Presiding Justice Dibell | Presiding Justice Dibell,Dibell
Presiding Justice Waterman | Presiding Justice Waterman,Waterman
Presiding Justice Higbee | Presiding Justice Higbee,Higbee
Presiding Justice Burroughs | Presiding Justice Burroughs,Burroughs
Presiding Justice Puterbaugh | Presiding Justice Puterbaugh,Puterbaugh
Presiding Justice Horton | Presiding Justice Horton,Horton
Presiding Justice Freeman | Presiding Justice Freeman,Freeman
Presiding Justice Adams | Presiding Justice Adams,Adams
Presiding Justice BRYANT | Presiding Justice BRYANT,BRYANT
Presiding Justice Windes | Presiding Justice Windes,Windes
Presiding Justice Dibell | Presiding Justice Dibell,Dibell
Presiding Justice McNULTY | Presiding Justice McNULTY,McNULTY
