Justice DOWNING | Justice DOWNING,Justice,DOWNING
Justice MURRAY | Justice MURRAY,Justice,MURRAY
Justice BILANDIC | Justice BILANDIC,Justice,BILANDIC
Justice SCHWARTZ | Justice SCHWARTZ,Justice,SCHWARTZ
Justice KILEY | Justice KILEY,Justice,KILEY
Chief Justice BILANDIC | Chief Justice BILANDIC,Chief Justice,BILANDIC
Chief Justice BILANDIC | Chief Justice BILANDIC,Chief Justice,BILANDIC
Chief Justice CLARK | Chief Justice CLARK,Chief Justice,CLARK
Chief Justice CLARK | Chief Justice CLARK,Chief Justice,CLARK
Chief Justice FITZGERALD | Chief Justice FITZGERALD,Chief Justice,FITZGERALD
Chief Justice FITZGERALD | Chief Justice FITZGERALD,Chief Justice,FITZGERALD
Chief Justice FREEMAN | Chief Justice FREEMAN,Chief Justice,FREEMAN
Chief Justice FREEMAN | Chief Justice FREEMAN,Chief Justice,FREEMAN
Chief Justice GOLDENHERSH | Chief Justice GOLDENHERSH,Chief Justice,GOLDENHERSH
Chief Justice GOLDENHERSH | Chief Justice GOLDENHERSH,Chief Justice,GOLDENHERSH
Chief Justice HARRISON | Chief Justice HARRISON,Chief Justice,HARRISON
Chief Justice HARRISON | Chief Justice HARRISON,Chief Justice,HARRISON
Chief Justice HEIPLE | Chief Justice HEIPLE,Chief Justice,HEIPLE
Chief Justice HEIPLE | Chief Justice HEIPLE,Chief Justice,HEIPLE
Chief Justice KILBRIDE | Chief Justice KILBRIDE,Chief Justice,KILBRIDE
Chief Justice KILBRIDE | Chief Justice KILBRIDE,Chief Justice,KILBRIDE
Chief Justice MILLER | Chief Justice MILLER,Chief Justice,MILLER
Chief Justice MILLER | Chief Justice MILLER,Chief Justice,MILLER
Chief Justice MORAN | Chief Justice MORAN,Chief Justice,MORAN
Chief Justice MORAN | Chief Justice MORAN,Chief Justice,MORAN
Chief Justice McMORROW | Chief Justice McMORROW,Chief Justice,McMORROW
Chief Justice McMORROW | Chief Justice McMORROW,Chief Justice,McMORROW
Chief Justice RYAN | Chief Justice RYAN,Chief Justice,RYAN
Chief Justice RYAN | Chief Justice RYAN,Chief Justice,RYAN
Chief Justice THOMAS | Chief Justice THOMAS,Chief Justice,THOMAS
Chief Justice THOMAS | Chief Justice THOMAS,Chief Justice,THOMAS
Chief Justice MILLER | Chief Justice MILLER,Chief Justice,MILLER
Chief Justice CLARK | Chief Justice CLARK,Chief Justice,CLARK
Chief Justice Damron | Chief Justice Damron,Chief Justice,Damron
Chief Justice Hollekich | Chief Justice Hollekich,Chief Justice,Hollekich
Chief Justice Damron | Chief Justice Damron,Chief Justice,Damron
Chief Justice Bailey | Chief Justice Bailey,Chief Justice,Bailey
Chief Justice Damboh | Chief Justice Damboh,Chief Justice,Damboh
Chief Justice Dambou | Chief Justice Dambou,Chief Justice,Dambou
Chief Justice Dambox | Chief Justice Dambox,Chief Justice,Dambox
Chief Justice Dambon | Chief Justice Dambon,Chief Justice,Dambon
Chief Justice Damcbon | Chief Justice Damcbon,Chief Justice,Damcbon
Chief Justice Dameoh | Chief Justice Dameoh,Chief Justice,Dameoh
Chief Justice Damroh | Chief Justice Damroh,Chief Justice,Damroh
Chief Justice Damron | Chief Justice Damron,Chief Justice,Damron
Chief Justice Damron | Chief Justice Damron,Chief Justice,Damron
Chief Justice Damrou | Chief Justice Damrou,Chief Justice,Damrou
Chief Justice Damson | Chief Justice Damson,Chief Justice,Damson
Chief Justice Hershey | Chief Justice Hershey,Chief Justice,Hershey
Chief Justice Hollerich | Chief Justice Hollerich,Chief Justice,Hollerich
Chief Justice Hollerioh | Chief Justice Hollerioh,Chief Justice,Hollerioh
Chief Justice Lockwood | Chief Justice Lockwood,Chief Justice,Lockwood
Chief Justice Reynolds | Chief Justice Reynolds,Chief Justice,Reynolds
Chief Justice Reynolds | Chief Justice Reynolds,Chief Justice,Reynolds
Chief Justice Wilson | Chief Justice Wilson,Chief Justice,Wilson
Justice Trumbull | Justice Trumbull,Justice,Trumbull
Justice BOBSON | Justice BOBSON,Justice,BOBSON
Justice ROBSON | Justice ROBSON,Justice,ROBSON
Justice CULBERTSON | Justice CULBERTSON,Justice,CULBERTSON
Justice SCHWAETZ | Justice SCHWAETZ,Justice,SCHWAETZ
Justice SCHWARTZ | Justice SCHWARTZ,Justice,SCHWARTZ
Justice ABRAHAMSON | Justice ABRAHAMSON,Justice,ABRAHAMSON
Justice BAEDENS | Justice BAEDENS,Justice,BAEDENS
Justice BARDENS | Justice BARDENS,Justice,BARDENS
Justice BARDENS | Justice BARDENS,Justice,BARDENS
Justice BAUER | Justice BAUER,Justice,BAUER
Justice BBYANT | Justice BBYANT,Justice,BBYANT
Justice BEYNOLDS | Justice BEYNOLDS,Justice,BEYNOLDS
Justice BOETH | Justice BOETH,Justice,BOETH
Justice BRYANT | Justice BRYANT,Justice,BRYANT
Justice BRYANT | Justice BRYANT,Justice,BRYANT
Justice BUEKE | Justice BUEKE,Justice,BUEKE
Justice BURKE | Justice BURKE,Justice,BURKE
Justice BURKE | Justice BURKE,Justice,BURKE
Justice CAEEOLL | Justice CAEEOLL,Justice,CAEEOLL
Justice CARROLL | Justice CARROLL,Justice,CARROLL
Justice CARROLL | Justice CARROLL,Justice,CARROLL
Justice CROW | Justice CROW,Justice,CROW
Justice CULBERTSON | Justice CULBERTSON,Justice,CULBERTSON
Justice CULBERTSON | Justice CULBERTSON,Justice,CULBERTSON
Justice CULBERTSON | Justice CULBERTSON,Justice,CULBERTSON
Justice DOVE | Justice DOVE,Justice,DOVE
Justice DOYE | Justice DOYE,Justice,DOYE
Justice EEINBEEG | Justice EEINBEEG,Justice,EEINBEEG
Justice EEINBERG | Justice EEINBERG,Justice,EEINBERG
Justice EJLEY | Justice EJLEY,Justice,EJLEY
Justice EOVALDI | Justice EOVALDI,Justice,EOVALDI
Justice FBIEND | Justice FBIEND,Justice,FBIEND
Justice FEHSFBERG | Justice FEHSFBERG,Justice,FEHSFBERG
Justice FEINBEBG | Justice FEINBEBG,Justice,FEINBEBG
Justice FEINBERG | Justice FEINBERG,Justice,FEINBERG
Justice FEINBERG | Justice FEINBERG,Justice,FEINBERG
Justice FEINBERGr | Justice FEINBERGr,Justice,FEINBERGr
Justice FEINBERG | Justice FEINBERG,Justice,FEINBERG
Justice FETNBEBG | Justice FETNBEBG,Justice,FETNBEBG
Justice FRIEND | Justice FRIEND,Justice,FRIEND
Justice FRIEND | Justice FRIEND,Justice,FRIEND
Justice GREEN | Justice GREEN,Justice,GREEN
Justice GREIMAN | Justice GREIMAN,Justice,GREIMAN
Justice HAASE | Justice HAASE,Justice,HAASE
Justice HOFFMAN | Justice HOFFMAN,Justice,HOFFMAN
Justice HOLDRIDGE | Justice HOLDRIDGE,Justice,HOLDRIDGE
Justice KILBY | Justice KILBY,Justice,KILBY
Justice KILET | Justice KILET,Justice,KILET
Justice KILET | Justice KILET,Justice,KILET
Justice KILEY | Justice KILEY,Justice,KILEY
Justice KILEY | Justice KILEY,Justice,KILEY
Justice KOBSON | Justice KOBSON,Justice,KOBSON
Justice LANSDEN | Justice LANSDEN,Justice,LANSDEN
Justice LEWE | Justice LEWE,Justice,LEWE
Justice LEWE | Justice LEWE,Justice,LEWE
Justice MORAN | Justice MORAN,Justice,MORAN
Justice McCOBMICK | Justice McCOBMICK,Justice,McCOBMICK
Justice McCOEMICK | Justice McCOEMICK,Justice,McCOEMICK
Justice McCORMICK | Justice McCORMICK,Justice,McCORMICK
Justice McCORMICK | Justice McCORMICK,Justice,McCORMICK
Justice McNEAL | Justice McNEAL,Justice,McNEAL
Justice MoCOBMICK | Justice MoCOBMICK,Justice,MoCOBMICK
Justice MoCORMICK | Justice MoCORMICK,Justice,MoCORMICK
Justice MoCORMICK | Justice MoCORMICK,Justice,MoCORMICK
Justice MoNEAL | Justice MoNEAL,Justice,MoNEAL
Justice NIE-MEYER | Justice NIE-MEYER,Justice,NIE-MEYER
Justice NIEHEYER | Justice NIEHEYER,Justice,NIEHEYER
Justice NIEMETER | Justice NIEMETER,Justice,NIEMETER
Justice NIEMEYEB | Justice NIEMEYEB,Justice,NIEMEYEB
Justice NIEMEYER | Justice NIEMEYER,Justice,NIEMEYER
Justice NIEMEYER | Justice NIEMEYER,Justice,NIEMEYER
Justice NIEMEYER | Justice NIEMEYER,Justice,NIEMEYER
Justice NIEMEYER | Justice NIEMEYER,Justice,NIEMEYER
Justice REYHOLDS | Justice REYHOLDS,Justice,REYHOLDS
Justice REYNOLDS | Justice REYNOLDS,Justice,REYNOLDS
Justice REYNOLDS | Justice REYNOLDS,Justice,REYNOLDS
Justice REYNOLDS | Justice REYNOLDS,Justice,REYNOLDS
Justice ROBSON | Justice ROBSON,Justice,ROBSON
Justice ROBSON | Justice ROBSON,Justice,ROBSON
Justice ROBSON | Justice ROBSON,Justice,ROBSON
Justice ROBSON | Justice ROBSON,Justice,ROBSON
Justice ROETH | Justice ROETH,Justice,ROETH
Justice ROETH | Justice ROETH,Justice,ROETH
Justice SCHEIN-EMAN | Justice SCHEIN-EMAN,Justice,SCHEIN-EMAN
Justice SCHEINEMAN | Justice SCHEINEMAN,Justice,SCHEINEMAN
Justice SCHEINEMAN | Justice SCHEINEMAN,Justice,SCHEINEMAN
Justice SCHWABTZ | Justice SCHWABTZ,Justice,SCHWABTZ
Justice SCHWARTZ | Justice SCHWARTZ,Justice,SCHWARTZ
Justice SCHWARTZ | Justice SCHWARTZ,Justice,SCHWARTZ
Justice SMITH | Justice SMITH,Justice,SMITH
Justice SPIVEY | Justice SPIVEY,Justice,SPIVEY
Justice SPIYEY | Justice SPIYEY,Justice,SPIYEY
Justice TRAPP | Justice TRAPP,Justice,TRAPP
Justice WOODWARD | Justice WOODWARD,Justice,WOODWARD
Justice WRIGHT | Justice WRIGHT,Justice,WRIGHT
Justice KILEY | Justice KILEY,Justice,KILEY
Justice ROBSON | Justice ROBSON,Justice,ROBSON
Justice KILEY | Justice KILEY,Justice,KILEY
Justice WARD | Justice WARD,Justice,WARD
Justice WELCH | Justice WELCH,Justice,WELCH
Justice WHITE | Justice WHITE,Justice,WHITE
Justice WRIGHT | Justice WRIGHT,Justice,WRIGHT
Justice 'WARD | Justice 'WARD,Justice,'WARD
Justice ABEAHAMSON | Justice ABEAHAMSON,Justice,ABEAHAMSON
Justice ABRAHAMSON | Justice ABRAHAMSON,Justice,ABRAHAMSON
Justice ABRAHAMSON | Justice ABRAHAMSON,Justice,ABRAHAMSON
Justice ABRAHAMSON | Justice ABRAHAMSON,Justice,ABRAHAMSON
Justice ALLOY | Justice ALLOY,Justice,ALLOY
Justice ALLOY | Justice ALLOY,Justice,ALLOY
Justice ALLOY | Justice ALLOY,Justice,ALLOY
Justice APPLETON | Justice APPLETON,Justice,APPLETON
Justice APPLETON | Justice APPLETON,Justice,APPLETON
Justice ATTEN | Justice ATTEN,Justice,ATTEN
Justice BAKOWSKI | Justice BAKOWSKI,Justice,BAKOWSKI
Justice BAKOWSKI | Justice BAKOWSKI,Justice,BAKOWSKI
Justice BARDENS | Justice BARDENS,Justice,BARDENS
Justice BARDENS | Justice BARDENS,Justice,BARDENS
Justice BARRY | Justice BARRY,Justice,BARRY
Justice BARRY | Justice BARRY,Justice,BARRY
Justice BARTH | Justice BARTH,Justice,BARTH
Justice BARTH | Justice BARTH,Justice,BARTH
Justice BAUER | Justice BAUER,Justice,BAUER
Justice BERLIN | Justice BERLIN,Justice,BERLIN
Justice BEYANT | Justice BEYANT,Justice,BEYANT
Justice BILAND'IC | Justice BILAND'IC,Justice,BILAND'IC
Justice BILANDIC | Justice BILANDIC,Justice,BILANDIC
Justice BILANDIC | Justice BILANDIC,Justice,BILANDIC
Justice BIRKETT | Justice BIRKETT,Justice,BIRKETT
Justice BOBSON | Justice BOBSON,Justice,BOBSON
Justice BOWMAN | Justice BOWMAN,Justice,BOWMAN
Justice BOWMAN | Justice BOWMAN,Justice,BOWMAN
Justice BRADEN | Justice BRADEN,Justice,BRADEN
Justice BRADEN | Justice BRADEN,Justice,BRADEN
Justice BRADEN | Justice BRADEN,Justice,BRADEN
Justice BRESLIN | Justice BRESLIN,Justice,BRESLIN
Justice BRESLIN | Justice BRESLIN,Justice,BRESLIN
Justice BRYANT | Justice BRYANT,Justice,BRYANT
Justice BRYANT | Justice BRYANT,Justice,BRYANT
Justice BRYANT | Justice BRYANT,Justice,BRYANT
Justice BUBKE | Justice BUBKE,Justice,BUBKE
Justice BUCKLEY | Justice BUCKLEY,Justice,BUCKLEY
Justice BUCKLEY | Justice BUCKLEY,Justice,BUCKLEY
Justice BUEKE | Justice BUEKE,Justice,BUEKE
Justice BUEMAN | Justice BUEMAN,Justice,BUEMAN
Justice BUR-MAN | Justice BUR-MAN,Justice,BUR-MAN
Justice BURKE | Justice BURKE,Justice,BURKE
Justice BURKE | Justice BURKE,Justice,BURKE
Justice BURKE | Justice BURKE,Justice,BURKE
Justice BURKE | Justice BURKE,Justice,BURKE
Justice BURMAN | Justice BURMAN,Justice,BURMAN
Justice BURMAN | Justice BURMAN,Justice,BURMAN
Justice BURMAN | Justice BURMAN,Justice,BURMAN
Justice BYENE | Justice BYENE,Justice,BYENE
Justice BYRNE | Justice BYRNE,Justice,BYRNE
Justice BYRNE | Justice BYRNE,Justice,BYRNE
Justice CABMAN | Justice CABMAN,Justice,CABMAN
Justice CADAGIN | Justice CADAGIN,Justice,CADAGIN
Justice CAHILL | Justice CAHILL,Justice,CAHILL
Justice CAHILL | Justice CAHILL,Justice,CAHILL
Justice CALLUM | Justice CALLUM,Justice,CALLUM
Justice CALLUM | Justice CALLUM,Justice,CALLUM
Justice CALVO | Justice CALVO,Justice,CALVO
Justice CALVO | Justice CALVO,Justice,CALVO
Justice CAMPBELL | Justice CAMPBELL,Justice,CAMPBELL
Justice CAMPBELL | Justice CAMPBELL,Justice,CAMPBELL
Justice CARMAN | Justice CARMAN,Justice,CARMAN
Justice CARMAN | Justice CARMAN,Justice,CARMAN
Justice CARROLL | Justice CARROLL,Justice,CARROLL
Justice CARTER | Justice CARTER,Justice,CARTER
Justice CARTER | Justice CARTER,Justice,CARTER
Justice CBOW | Justice CBOW,Justice,CBOW
Justice CERDA | Justice CERDA,Justice,CERDA
Justice CERDA | Justice CERDA,Justice,CERDA
Justice CHAPMAN | Justice CHAPMAN,Justice,CHAPMAN
Justice CHAPMAN | Justice CHAPMAN,Justice,CHAPMAN
Justice CHAPMAN | Justice CHAPMAN,Justice,CHAPMAN
Justice CLARK | Justice CLARK,Justice,CLARK
Justice CLARK | Justice CLARK,Justice,CLARK
Justice COCCIA | Justice COCCIA,Justice,COCCIA
Justice COCCIA | Justice COCCIA,Justice,COCCIA
Justice COCCIA | Justice COCCIA,Justice,COCCIA
Justice COHEN | Justice COHEN,Justice,COHEN
Justice COLEMAN | Justice COLEMAN,Justice,COLEMAN
Justice COLEMAN | Justice COLEMAN,Justice,COLEMAN
Justice COLWELL | Justice COLWELL,Justice,COLWELL
Justice COLWELL | Justice COLWELL,Justice,COLWELL
Justice CONNORS | Justice CONNORS,Justice,CONNORS
Justice COOK | Justice COOK,Justice,COOK
Justice COOK | Justice COOK,Justice,COOK
Justice COOK | Justice COOK,Justice,COOK
Justice CORYN | Justice CORYN,Justice,CORYN
Justice COUSINS | Justice COUSINS,Justice,COUSINS
Justice COUSINS | Justice COUSINS,Justice,COUSINS
Justice COUSINS | Justice COUSINS,Justice,COUSINS
Justice CRAVEN | Justice CRAVEN,Justice,CRAVEN
Justice CRAVEN | Justice CRAVEN,Justice,CRAVEN
Justice CRCW | Justice CRCW,Justice,CRCW
Justice CREBS | Justice CREBS,Justice,CREBS
Justice CROW | Justice CROW,Justice,CROW
Justice CROW | Justice CROW,Justice,CROW
Justice CULBEBTSON | Justice CULBEBTSON,Justice,CULBEBTSON
Justice CULBERTSON | Justice CULBERTSON,Justice,CULBERTSON
Justice CULBERTSON | Justice CULBERTSON,Justice,CULBERTSON
Justice CULBERTSON | Justice CULBERTSON,Justice,CULBERTSON
Justice CUNNINGHAM | Justice CUNNINGHAM,Justice,CUNNINGHAM
Justice CUNNINGHAM | Justice CUNNINGHAM,Justice,CUNNINGHAM
Justice CUNNINGHAM | Justice CUNNINGHAM,Justice,CUNNINGHAM
Justice DAVIS | Justice DAVIS,Justice,DAVIS
Justice DAVIS | Justice DAVIS,Justice,DAVIS
Justice DEMPSEY | Justice DEMPSEY,Justice,DEMPSEY
Justice DEMPSEY | Justice DEMPSEY,Justice,DEMPSEY
Justice DEMPSEY | Justice DEMPSEY,Justice,DEMPSEY
Justice DEMPSEY | Justice DEMPSEY,Justice,DEMPSEY
Justice DONOVAN | Justice DONOVAN,Justice,DONOVAN
Justice DONOVAN | Justice DONOVAN,Justice,DONOVAN
Justice DOVE | Justice DOVE,Justice,DOVE
Justice DOVE | Justice DOVE,Justice,DOVE
Justice DOWNING | Justice DOWNING,Justice,DOWNING
Justice DOWNING | Justice DOWNING,Justice,DOWNING
Justice DOWNING | Justice DOWNING,Justice,DOWNING
Justice DOYE | Justice DOYE,Justice,DOYE
Justice DOYLE | Justice DOYLE,Justice,DOYLE
Justice DOYLE | Justice DOYLE,Justice,DOYLE
Justice DRUCKER | Justice DRUCKER,Justice,DRUCKER
Justice DRUCKER | Justice DRUCKER,Justice,DRUCKER
Justice DUNN | Justice DUNN,Justice,DUNN
Justice DUNN | Justice DUNN,Justice,DUNN
Justice DiVITO | Justice DiVITO,Justice,DiVITO
Justice DiVITO | Justice DiVITO,Justice,DiVITO
Justice DiVITO | Justice DiVITO,Justice,DiVITO
Justice DiVTTO | Justice DiVTTO,Justice,DiVTTO
Justice DiYITO | Justice DiYITO,Justice,DiYITO
Justice EARNS | Justice EARNS,Justice,EARNS
Justice EARNS | Justice EARNS,Justice,EARNS
Justice EASSERMAN | Justice EASSERMAN,Justice,EASSERMAN
Justice EBERSPACHER | Justice EBERSPACHER,Justice,EBERSPACHER
Justice EBERSPAGHER | Justice EBERSPAGHER,Justice,EBERSPAGHER
Justice EGAN | Justice EGAN,Justice,EGAN
Justice EGAN | Justice EGAN,Justice,EGAN
Justice EGAN | Justice EGAN,Justice,EGAN
Justice ENGLISH | Justice ENGLISH,Justice,ENGLISH
Justice EOVADDI | Justice EOVADDI,Justice,EOVADDI
Justice EOVALDI | Justice EOVALDI,Justice,EOVALDI
Justice EOVALDI | Justice EOVALDI,Justice,EOVALDI
Justice EOVALDI | Justice EOVALDI,Justice,EOVALDI
Justice EOVALDI | Justice EOVALDI,Justice,EOVALDI
Justice EOYALDI | Justice EOYALDI,Justice,EOYALDI
Justice EOYALDI | Justice EOYALDI,Justice,EOYALDI
Justice EOYAUDI | Justice EOYAUDI,Justice,EOYAUDI
Justice EPSTEIN | Justice EPSTEIN,Justice,EPSTEIN
Justice ERICKSON | Justice ERICKSON,Justice,ERICKSON
Justice FBIEND | Justice FBIEND,Justice,FBIEND
Justice FEIEND | Justice FEIEND,Justice,FEIEND
Justice FEINBERG | Justice FEINBERG,Justice,FEINBERG
Justice FEINBERG | Justice FEINBERG,Justice,FEINBERG
Justice FEINBERG | Justice FEINBERG,Justice,FEINBERG
Justice FEINBERG | Justice FEINBERG,Justice,FEINBERG
Justice FEPNBEBU | Justice FEPNBEBU,Justice,FEPNBEBU
Justice FITZGERALD | Justice FITZGERALD,Justice,FITZGERALD
Justice FITZGERALD | Justice FITZGERALD,Justice,FITZGERALD
Justice FREEMAN | Justice FREEMAN,Justice,FREEMAN
Justice FREEMAN | Justice FREEMAN,Justice,FREEMAN
Justice FREEMAN | Justice FREEMAN,Justice,FREEMAN
Justice FREEMAN | Justice FREEMAN,Justice,FREEMAN
Justice FRIEND | Justice FRIEND,Justice,FRIEND
Justice FRIEND | Justice FRIEND,Justice,FRIEND
Justice GALASSO | Justice GALASSO,Justice,GALASSO
Justice GALASSO | Justice GALASSO,Justice,GALASSO
Justice GALLAGHER | Justice GALLAGHER,Justice,GALLAGHER
Justice GALLAGHER | Justice GALLAGHER,Justice,GALLAGHER
Justice GARCIA | Justice GARCIA,Justice,GARCIA
Justice GARCIA | Justice GARCIA,Justice,GARCIA
Justice GARMAN | Justice GARMAN,Justice,GARMAN
Justice GARMAN | Justice GARMAN,Justice,GARMAN
Justice GASMAN | Justice GASMAN,Justice,GASMAN
Justice GASMAN | Justice GASMAN,Justice,GASMAN
Justice GEIGER | Justice GEIGER,Justice,GEIGER
Justice GEIGER | Justice GEIGER,Justice,GEIGER
Justice GEOMETER | Justice GEOMETER,Justice,GEOMETER
Justice GEOMETER | Justice GEOMETER,Justice,GEOMETER
Justice GIANNIS | Justice GIANNIS,Justice,GIANNIS
Justice GKEIMAN | Justice GKEIMAN,Justice,GKEIMAN
Justice GKEIMAN | Justice GKEIMAN,Justice,GKEIMAN
Justice GOLDBERG | Justice GOLDBERG,Justice,GOLDBERG
Justice GOLDBERG | Justice GOLDBERG,Justice,GOLDBERG
Justice GOLDENHERSE | Justice GOLDENHERSE,Justice,GOLDENHERSE
Justice GOLDENHERSH | Justice GOLDENHERSH,Justice,GOLDENHERSH
Justice GOLDENHERSH | Justice GOLDENHERSH,Justice,GOLDENHERSH
Justice GOLDENHERSH | Justice GOLDENHERSH,Justice,GOLDENHERSH
Justice GOLDENHERSH | Justice GOLDENHERSH,Justice,GOLDENHERSH
Justice GOLDENHERSH | Justice GOLDENHERSH,Justice,GOLDENHERSH
Justice GORDON | Justice GORDON,Justice,GORDON
Justice GORDON | Justice GORDON,Justice,GORDON
Justice GORDON | Justice GORDON,Justice,GORDON
Justice GORMAN | Justice GORMAN,Justice,GORMAN
Justice GORMAN | Justice GORMAN,Justice,GORMAN
Justice GREEN | Justice GREEN,Justice,GREEN
Justice GREEN | Justice GREEN,Justice,GREEN
Justice GREIMAN | Justice GREIMAN,Justice,GREIMAN
Justice GREIMAN | Justice GREIMAN,Justice,GREIMAN
Justice GREIMAlSr | Justice GREIMAlSr,Justice,GREIMAlSr
Justice GROMETER | Justice GROMETER,Justice,GROMETER
Justice GROMETER | Justice GROMETER,Justice,GROMETER
Justice HAAG | Justice HAAG,Justice,HAAG
Justice HAASE | Justice HAASE,Justice,HAASE
Justice HAASE | Justice HAASE,Justice,HAASE
Justice HALL | Justice HALL,Justice,HALL
Justice HALL | Justice HALL,Justice,HALL
Justice HALLETT | Justice HALLETT,Justice,HALLETT
Justice HALL | Justice HALL,Justice,HALL
Justice HANNAH | Justice HANNAH,Justice,HANNAH
Justice HARRIS | Justice HARRIS,Justice,HARRIS
Justice HARRISON | Justice HARRISON,Justice,HARRISON
Justice HARRISON | Justice HARRISON,Justice,HARRISON
Justice HARTIGAN | Justice HARTIGAN,Justice,HARTIGAN
Justice HARTIGAN | Justice HARTIGAN,Justice,HARTIGAN
Justice HARTMAN | Justice HARTMAN,Justice,HARTMAN
Justice HARTMAN | Justice HARTMAN,Justice,HARTMAN
Justice HEIELE | Justice HEIELE,Justice,HEIELE
Justice HEIPLE | Justice HEIPLE,Justice,HEIPLE
Justice HEIPLE | Justice HEIPLE,Justice,HEIPLE
Justice HEIPLE | Justice HEIPLE,Justice,HEIPLE
Justice HIBBS | Justice HIBBS,Justice,HIBBS
Justice HOFFMAN | Justice HOFFMAN,Justice,HOFFMAN
Justice HOFFMAN | Justice HOFFMAN,Justice,HOFFMAN
Justice HOFFMAN | Justice HOFFMAN,Justice,HOFFMAN
Justice HOFFMAN | Justice HOFFMAN,Justice,HOFFMAN
Justice HOLDRIDGE | Justice HOLDRIDGE,Justice,HOLDRIDGE
Justice HOLDRIDGE | Justice HOLDRIDGE,Justice,HOLDRIDGE
Justice HOLDRXDGE | Justice HOLDRXDGE,Justice,HOLDRXDGE
Justice HOMER | Justice HOMER,Justice,HOMER
Justice HOMER | Justice HOMER,Justice,HOMER
Justice HOPE | Justice HOPE,Justice,HOPE
Justice HOPE | Justice HOPE,Justice,HOPE
Justice HOPE | Justice HOPE,Justice,HOPE
Justice HOPF | Justice HOPF,Justice,HOPF
Justice HOPF | Justice HOPF,Justice,HOPF
Justice HOPKINS | Justice HOPKINS,Justice,HOPKINS
Justice HOPKINS | Justice HOPKINS,Justice,HOPKINS
Justice HOPKINS | Justice HOPKINS,Justice,HOPKINS
Justice HOPf | Justice HOPf,Justice,HOPf
Justice HORTELANO | Justice HORTELANO,Justice,HORTELANO
Justice HOURIHANE | Justice HOURIHANE,Justice,HOURIHANE
Justice HOURIHANE | Justice HOURIHANE,Justice,HOURIHANE
Justice HOWERTON | Justice HOWERTON,Justice,HOWERTON
Justice HOWERTON | Justice HOWERTON,Justice,HOWERTON
Justice HOWSE | Justice HOWSE,Justice,HOWSE
Justice HOWSE | Justice HOWSE,Justice,HOWSE
Justice HUDSON | Justice HUDSON,Justice,HUDSON
Justice HUDSON | Justice HUDSON,Justice,HUDSON
Justice HUTCHINSON | Justice HUTCHINSON,Justice,HUTCHINSON
Justice HUTCHINSON | Justice HUTCHINSON,Justice,HUTCHINSON
Justice INCUS | Justice INCUS,Justice,INCUS
Justice INGLIS | Justice INGLIS,Justice,INGLIS
Justice INGLIS | Justice INGLIS,Justice,INGLIS
Justice IOLEY | Justice IOLEY,Justice,IOLEY
Justice JIGANTI | Justice JIGANTI,Justice,JIGANTI
Justice JIGANTI | Justice JIGANTI,Justice,JIGANTI
Justice JOHNSON | Justice JOHNSON,Justice,JOHNSON
Justice JOHNSON | Justice JOHNSON,Justice,JOHNSON
Justice JONES | Justice JONES,Justice,JONES
Justice JONES | Justice JONES,Justice,JONES
Justice JORGENSEN | Justice JORGENSEN,Justice,JORGENSEN
Justice JORGENSEN | Justice JORGENSEN,Justice,JORGENSEN
Justice KAPALA | Justice KAPALA,Justice,KAPALA
Justice KAPALA | Justice KAPALA,Justice,KAPALA
Justice KAPALA | Justice KAPALA,Justice,KAPALA
Justice KARMEIER | Justice KARMEIER,Justice,KARMEIER
Justice KARMEIER | Justice KARMEIER,Justice,KARMEIER
Justice KARMEIER | Justice KARMEIER,Justice,KARMEIER
Justice KARNEZIS | Justice KARNEZIS,Justice,KARNEZIS
Justice KARNEZIS | Justice KARNEZIS,Justice,KARNEZIS
Justice KARNS | Justice KARNS,Justice,KARNS
Justice KARNS | Justice KARNS,Justice,KARNS
Justice KASSERMAN | Justice KASSERMAN,Justice,KASSERMAN
Justice KASSERMAN | Justice KASSERMAN,Justice,KASSERMAN
Justice KILBRIDE | Justice KILBRIDE,Justice,KILBRIDE
Justice KILBRIDE | Justice KILBRIDE,Justice,KILBRIDE
Justice KILET | Justice KILET,Justice,KILET
Justice KILET | Justice KILET,Justice,KILET
Justice KILEY | Justice KILEY,Justice,KILEY
Justice KILEY | Justice KILEY,Justice,KILEY
Justice KLJEHN | Justice KLJEHN,Justice,KLJEHN
Justice KLUCZYNSKI | Justice KLUCZYNSKI,Justice,KLUCZYNSKI
Justice KNECHT | Justice KNECHT,Justice,KNECHT
Justice KNECHT | Justice KNECHT,Justice,KNECHT
Justice KOEHLER | Justice KOEHLER,Justice,KOEHLER
Justice KOEHLER | Justice KOEHLER,Justice,KOEHLER
Justice KUEHN | Justice KUEHN,Justice,KUEHN
Justice KUEHN | Justice KUEHN,Justice,KUEHN
Justice KUEHN | Justice KUEHN,Justice,KUEHN
Justice LAMFKIN | Justice LAMFKIN,Justice,LAMFKIN
Justice LAMPKIN | Justice LAMPKIN,Justice,LAMPKIN
Justice LAMPKIN | Justice LAMPKIN,Justice,LAMPKIN
Justice LAMPKIN | Justice LAMPKIN,Justice,LAMPKIN
Justice LAVIN | Justice LAVIN,Justice,LAVIN
Justice LAVIN | Justice LAVIN,Justice,LAVIN
Justice LAVTN | Justice LAVTN,Justice,LAVTN
Justice LEAVITT | Justice LEAVITT,Justice,LEAVITT
Justice LEAVITT | Justice LEAVITT,Justice,LEAVITT
Justice LEAVITT | Justice LEAVITT,Justice,LEAVITT
Justice LEIGHTON | Justice LEIGHTON,Justice,LEIGHTON
Justice LEWE | Justice LEWE,Justice,LEWE
Justice LEWE | Justice LEWE,Justice,LEWE
Justice LEWIS | Justice LEWIS,Justice,LEWIS
Justice LEWIS | Justice LEWIS,Justice,LEWIS
Justice LEWIS | Justice LEWIS,Justice,LEWIS
Justice LINDBERG | Justice LINDBERG,Justice,LINDBERG
Justice LINDBERG | Justice LINDBERG,Justice,LINDBERG
Justice LINN | Justice LINN,Justice,LINN
Justice LINN | Justice LINN,Justice,LINN
Justice LINN | Justice LINN,Justice,LINN
Justice LONDRIGAN | Justice LONDRIGAN,Justice,LONDRIGAN
Justice LONDRIGAN | Justice LONDRIGAN,Justice,LONDRIGAN
Justice LORENZ | Justice LORENZ,Justice,LORENZ
Justice LORENZ | Justice LORENZ,Justice,LORENZ
Justice LORENZ | Justice LORENZ,Justice,LORENZ
Justice LORENZ | Justice LORENZ,Justice,LORENZ
Justice LUND | Justice LUND,Justice,LUND
Justice LUND | Justice LUND,Justice,LUND
Justice LYONS | Justice LYONS,Justice,LYONS
Justice LYTTON | Justice LYTTON,Justice,LYTTON
Justice LYTTON | Justice LYTTON,Justice,LYTTON
Justice LaPORTA | Justice LaPORTA,Justice,LaPORTA
Justice LaPORTA | Justice LaPORTA,Justice,LaPORTA
Justice MAAG | Justice MAAG,Justice,MAAG
Justice MAAG | Justice MAAG,Justice,MAAG
Justice MAAG | Justice MAAG,Justice,MAAG
Justice MAAG | Justice MAAG,Justice,MAAG
Justice MANNING | Justice MANNING,Justice,MANNING
Justice MANNING | Justice MANNING,Justice,MANNING
Justice MANNING | Justice MANNING,Justice,MANNING
Justice MCBRIDE | Justice MCBRIDE,Justice,MCBRIDE
Justice MCCULLOUGH | Justice MCCULLOUGH,Justice,MCCULLOUGH
Justice MCNAMARA | Justice MCNAMARA,Justice,MCNAMARA
Justice MCNULTY | Justice MCNULTY,Justice,MCNULTY
Justice MCCORMICK | Justice MCCORMICK,Justice,MCCORMICK
Justice MEJDA | Justice MEJDA,Justice,MEJDA
Justice MEJDA | Justice MEJDA,Justice,MEJDA
Justice MICHELA | Justice MICHELA,Justice,MICHELA
Justice MILLER | Justice MILLER,Justice,MILLER
Justice MILLER | Justice MILLER,Justice,MILLER
Justice MILLS | Justice MILLS,Justice,MILLS
Justice MILLS | Justice MILLS,Justice,MILLS
Justice MOEAN | Justice MOEAN,Justice,MOEAN
Justice MORAN | Justice MORAN,Justice,MORAN
Justice MORAN | Justice MORAN,Justice,MORAN
Justice MORAN | Justice MORAN,Justice,MORAN
Justice MORTHLAND | Justice MORTHLAND,Justice,MORTHLAND
Justice MORTHLAND | Justice MORTHLAND,Justice,MORTHLAND
Justice MUEPHY | Justice MUEPHY,Justice,MUEPHY
Justice MUEPHY | Justice MUEPHY,Justice,MUEPHY
Justice MURPHY | Justice MURPHY,Justice,MURPHY
Justice MURPHY | Justice MURPHY,Justice,MURPHY
Justice MURPHY | Justice MURPHY,Justice,MURPHY
Justice MURPHY | Justice MURPHY,Justice,MURPHY
Justice MURRAY | Justice MURRAY,Justice,MURRAY
Justice MURRAY | Justice MURRAY,Justice,MURRAY
Justice MURRAY | Justice MURRAY,Justice,MURRAY
Justice MURRAY | Justice MURRAY,Justice,MURRAY
Justice MURPHY | Justice MURPHY,Justice,MURPHY
Justice MYERSCOUGH | Justice MYERSCOUGH,Justice,MYERSCOUGH
Justice MYERSCOUGH | Justice MYERSCOUGH,Justice,MYERSCOUGH
Justice MYESSCOUGH | Justice MYESSCOUGH,Justice,MYESSCOUGH
Justice Mc-CORMICK | Justice Mc-CORMICK,Justice,Mc-CORMICK
Justice McBRIDE | Justice McBRIDE,Justice,McBRIDE
Justice McBRIDE | Justice McBRIDE,Justice,McBRIDE
Justice McBRIDE | Justice McBRIDE,Justice,McBRIDE
Justice McCOBMICK | Justice McCOBMICK,Justice,McCOBMICK
Justice McCOR-MIGK | Justice McCOR-MIGK,Justice,McCOR-MIGK
Justice McCORMICK | Justice McCORMICK,Justice,McCORMICK
Justice McCORMICK | Justice McCORMICK,Justice,McCORMICK
Justice McCORMICK | Justice McCORMICK,Justice,McCORMICK
Justice McCORMICK | Justice McCORMICK,Justice,McCORMICK
Justice McCULLOUGH | Justice McCULLOUGH,Justice,McCULLOUGH
Justice McCULLOUGH | Justice McCULLOUGH,Justice,McCULLOUGH
Justice McCULLOUGH | Justice McCULLOUGH,Justice,McCULLOUGH
Justice McCUSKEY | Justice McCUSKEY,Justice,McCUSKEY
Justice McCUSKEY | Justice McCUSKEY,Justice,McCUSKEY
Justice McDADE | Justice McDADE,Justice,McDADE
Justice McDADE | Justice McDADE,Justice,McDADE
Justice McDAJDE | Justice McDAJDE,Justice,McDAJDE
Justice McGILLICUDDY | Justice McGILLICUDDY,Justice,McGILLICUDDY
Justice McGLOON | Justice McGLOON,Justice,McGLOON
Justice McGLOON | Justice McGLOON,Justice,McGLOON
Justice McGLYNN | Justice McGLYNN,Justice,McGLYNN
Justice McGLYNN | Justice McGLYNN,Justice,McGLYNN
Justice McGORMICK | Justice McGORMICK,Justice,McGORMICK
Justice McGloon | Justice McGloon,Justice,McGloon
Justice McIAREN | Justice McIAREN,Justice,McIAREN
Justice McLAEEN | Justice McLAEEN,Justice,McLAEEN
Justice McLAREN | Justice McLAREN,Justice,McLAREN
Justice McLAREN | Justice McLAREN,Justice,McLAREN
Justice McLAUGHLIN | Justice McLAUGHLIN,Justice,McLAUGHLIN
Justice McLAUGHLIN | Justice McLAUGHLIN,Justice,McLAUGHLIN
Justice McLaren | Justice McLaren,Justice,McLaren
Justice McLaren | Justice McLaren,Justice,McLaren
Justice McMORRO | Justice McMORRO,Justice,McMORRO
Justice McMORROW | Justice McMORROW,Justice,McMORROW
Justice McMORROW | Justice McMORROW,Justice,McMORROW
Justice McMORROWS | Justice McMORROWS,Justice,McMORROWS
Justice McMORROW | Justice McMORROW,Justice,McMORROW
Justice McMORROW | Justice McMORROW,Justice,McMORROW
Justice McMORRO | Justice McMORRO,Justice,McMORRO
Justice McNAMARA | Justice McNAMARA,Justice,McNAMARA
Justice McNAMARA | Justice McNAMARA,Justice,McNAMARA
Justice McNAMARA | Justice McNAMARA,Justice,McNAMARA
Justice McNAMARA | Justice McNAMARA,Justice,McNAMARA
Justice McNAMARA | Justice McNAMARA,Justice,McNAMARA
Justice McNEAL | Justice McNEAL,Justice,McNEAL
Justice McNEAL | Justice McNEAL,Justice,McNEAL
Justice McNULTY | Justice McNULTY,Justice,McNULTY
Justice McNULTY | Justice McNULTY,Justice,McNULTY
Justice MeGILLICUDDY | Justice MeGILLICUDDY,Justice,MeGILLICUDDY
Justice MoCORMICK | Justice MoCORMICK,Justice,MoCORMICK
Justice MoCORMICK | Justice MoCORMICK,Justice,MoCORMICK
Justice MoNEAL | Justice MoNEAL,Justice,MoNEAL
Justice MoNEAL | Justice MoNEAL,Justice,MoNEAL
Justice NASH | Justice NASH,Justice,NASH
Justice NASH | Justice NASH,Justice,NASH
Justice NEVILLE | Justice NEVILLE,Justice,NEVILLE
Justice NEVILLE | Justice NEVILLE,Justice,NEVILLE
Justice NICKELS | Justice NICKELS,Justice,NICKELS
Justice NICKELS | Justice NICKELS,Justice,NICKELS
Justice NIEMEYER | Justice NIEMEYER,Justice,NIEMEYER
Justice NIEMEYER | Justice NIEMEYER,Justice,NIEMEYER
Justice NIEMEYER | Justice NIEMEYER,Justice,NIEMEYER
Justice O'BRIEN | Justice O'BRIEN,Justice,O'BRIEN
Justice O'CONNOR | Justice O'CONNOR,Justice,O'CONNOR
Justice O'MALLEY | Justice O'MALLEY,Justice,O'MALLEY
Justice O'BRIEN | Justice O'BRIEN,Justice,O'BRIEN
Justice O'BRIEN | Justice O'BRIEN,Justice,O'BRIEN
Justice O'CONNOR | Justice O'CONNOR,Justice,O'CONNOR
Justice O'CONNOR | Justice O'CONNOR,Justice,O'CONNOR
Justice O'MALLEY | Justice O'MALLEY,Justice,O'MALLEY
Justice O'MALLEY | Justice O'MALLEY,Justice,O'MALLEY
Justice PATTI | Justice PATTI,Justice,PATTI
Justice PECCARELLI | Justice PECCARELLI,Justice,PECCARELLI
Justice PEKLIN | Justice PEKLIN,Justice,PEKLIN
Justice PERLIN | Justice PERLIN,Justice,PERLIN
Justice PINCHAM | Justice PINCHAM,Justice,PINCHAM
Justice PINCHAM | Justice PINCHAM,Justice,PINCHAM
Justice PINCHAM | Justice PINCHAM,Justice,PINCHAM
Justice PINGHAM | Justice PINGHAM,Justice,PINGHAM
Justice PINGHAM | Justice PINGHAM,Justice,PINGHAM
Justice POPE | Justice POPE,Justice,POPE
Justice POPE | Justice POPE,Justice,POPE
Justice PUCINSKI | Justice PUCINSKI,Justice,PUCINSKI
Justice PvEINHARD | Justice PvEINHARD,Justice,PvEINHARD
Justice QUETSCH | Justice QUETSCH,Justice,QUETSCH
Justice QUETSCH | Justice QUETSCH,Justice,QUETSCH
Justice QUINLAN | Justice QUINLAN,Justice,QUINLAN
Justice QUINLAN | Justice QUINLAN,Justice,QUINLAN
Justice QUINLAN | Justice QUINLAN,Justice,QUINLAN
Justice QUINN | Justice QUINN,Justice,QUINN
Justice QUINN | Justice QUINN,Justice,QUINN
Justice RAKOWSKI | Justice RAKOWSKI,Justice,RAKOWSKI
Justice RAKOWSKI | Justice RAKOWSKI,Justice,RAKOWSKI
Justice RAKOWSKI | Justice RAKOWSKI,Justice,RAKOWSKI
Justice RAKOWSKI | Justice RAKOWSKI,Justice,RAKOWSKI
Justice RAPALA | Justice RAPALA,Justice,RAPALA
Justice RAPE | Justice RAPE,Justice,RAPE
Justice RAPP | Justice RAPP,Justice,RAPP
Justice RAPP | Justice RAPP,Justice,RAPP
Justice RAPR | Justice RAPR,Justice,RAPR
Justice RARICK | Justice RARICK,Justice,RARICK
Justice RARICK | Justice RARICK,Justice,RARICK
Justice RARICK | Justice RARICK,Justice,RARICK
Justice RARRY | Justice RARRY,Justice,RARRY
Justice RATHJE | Justice RATHJE,Justice,RATHJE
Justice RATHJE | Justice RATHJE,Justice,RATHJE
Justice REID | Justice REID,Justice,REID
Justice REID | Justice REID,Justice,REID
Justice REINHARD | Justice REINHARD,Justice,REINHARD
Justice REINHARD | Justice REINHARD,Justice,REINHARD
Justice REINHART | Justice REINHART,Justice,REINHART
Justice REINHARD | Justice REINHARD,Justice,REINHARD
Justice REYNOLDS | Justice REYNOLDS,Justice,REYNOLDS
Justice REYNOLDS | Justice REYNOLDS,Justice,REYNOLDS
Justice REYNOLDS | Justice REYNOLDS,Justice,REYNOLDS
Justice RIZZI | Justice RIZZI,Justice,RIZZI
Justice RIZZI | Justice RIZZI,Justice,RIZZI
Justice ROBSON | Justice ROBSON,Justice,ROBSON
Justice ROBSON | Justice ROBSON,Justice,ROBSON
Justice ROBSON | Justice ROBSON,Justice,ROBSON
Justice ROCHFORD | Justice ROCHFORD,Justice,ROCHFORD
Justice ROETH | Justice ROETH,Justice,ROETH
Justice ROETH | Justice ROETH,Justice,ROETH
Justice ROMITI | Justice ROMITI,Justice,ROMITI
Justice ROMITI | Justice ROMITI,Justice,ROMITI
Justice RYAN | Justice RYAN,Justice,RYAN
Justice RYAN | Justice RYAN,Justice,RYAN
Justice RYAN | Justice RYAN,Justice,RYAN
Justice SCARIANO | Justice SCARIANO,Justice,SCARIANO
Justice SCARIANO | Justice SCARIANO,Justice,SCARIANO
Justice SCARIANO | Justice SCARIANO,Justice,SCARIANO
Justice SCARIANO | Justice SCARIANO,Justice,SCARIANO
Justice SCARJANO | Justice SCARJANO,Justice,SCARJANO
Justice SCARLANO | Justice SCARLANO,Justice,SCARLANO
Justice SCHEINEMAN | Justice SCHEINEMAN,Justice,SCHEINEMAN
Justice SCHEINEMAN | Justice SCHEINEMAN,Justice,SCHEINEMAN
Justice SCHEINEMAN | Justice SCHEINEMAN,Justice,SCHEINEMAN
Justice SCHEUSFEMAN | Justice SCHEUSFEMAN,Justice,SCHEUSFEMAN
Justice SCHEUSTEMAN | Justice SCHEUSTEMAN,Justice,SCHEUSTEMAN
Justice SCHMIDT | Justice SCHMIDT,Justice,SCHMIDT
Justice SCHMIDT | Justice SCHMIDT,Justice,SCHMIDT
Justice SCHNAKE | Justice SCHNAKE,Justice,SCHNAKE
Justice SCHNAKE | Justice SCHNAKE,Justice,SCHNAKE
Justice SCHOSTOK | Justice SCHOSTOK,Justice,SCHOSTOK
Justice SCHOSTOK | Justice SCHOSTOK,Justice,SCHOSTOK
Justice SCHWABTZ | Justice SCHWABTZ,Justice,SCHWABTZ
Justice SCHWAETZ | Justice SCHWAETZ,Justice,SCHWAETZ
Justice SCHWARTZ | Justice SCHWARTZ,Justice,SCHWARTZ
Justice SCHWARTZ | Justice SCHWARTZ,Justice,SCHWARTZ
Justice SCOTT | Justice SCOTT,Justice,SCOTT
Justice SCOTT | Justice SCOTT,Justice,SCOTT
Justice SEIDEN-FELD | Justice SEIDEN-FELD,Justice,SEIDEN-FELD
Justice SEIDENFELD | Justice SEIDENFELD,Justice,SEIDENFELD
Justice SEIDENFELD | Justice SEIDENFELD,Justice,SEIDENFELD
Justice SEIDENFELD | Justice SEIDENFELD,Justice,SEIDENFELD
Justice SHONKWILER | Justice SHONKWILER,Justice,SHONKWILER
Justice SIMON | Justice SIMON,Justice,SIMON
Justice SIMON | Justice SIMON,Justice,SIMON
Justice SLATER | Justice SLATER,Justice,SLATER
Justice SLATER | Justice SLATER,Justice,SLATER
Justice SMITH | Justice SMITH,Justice,SMITH
Justice SMITH | Justice SMITH,Justice,SMITH
Justice SMITH | Justice SMITH,Justice,SMITH
Justice SOLEISBURG | Justice SOLEISBURG,Justice,SOLEISBURG
Justice SOLEISBURG | Justice SOLEISBURG,Justice,SOLEISBURG
Justice SOLFISBUBG | Justice SOLFISBUBG,Justice,SOLFISBUBG
Justice SOLFISBUBG | Justice SOLFISBUBG,Justice,SOLFISBUBG
Justice SOLFISBUBGr | Justice SOLFISBUBGr,Justice,SOLFISBUBGr
Justice SOLFISBURG | Justice SOLFISBURG,Justice,SOLFISBURG
Justice SOLFISBURG | Justice SOLFISBURG,Justice,SOLFISBURG
Justice SOLFISBURG | Justice SOLFISBURG,Justice,SOLFISBURG
Justice SOLFISBURGr | Justice SOLFISBURGr,Justice,SOLFISBURGr
Justice SOLFISBURU | Justice SOLFISBURU,Justice,SOLFISBURU
Justice SOUTH | Justice SOUTH,Justice,SOUTH
Justice SOUTH | Justice SOUTH,Justice,SOUTH
Justice SPITZ | Justice SPITZ,Justice,SPITZ
Justice SPITZ | Justice SPITZ,Justice,SPITZ
Justice SPIVET | Justice SPIVET,Justice,SPIVET
Justice SPIVEV | Justice SPIVEV,Justice,SPIVEV
Justice SPIVEY | Justice SPIVEY,Justice,SPIVEY
Justice SPIVEY | Justice SPIVEY,Justice,SPIVEY
Justice SPIYEY | Justice SPIYEY,Justice,SPIYEY
Justice SPIYEY | Justice SPIYEY,Justice,SPIYEY
Justice SPOMER | Justice SPOMER,Justice,SPOMER
Justice SPOMER | Justice SPOMER,Justice,SPOMER
Justice SPOMER | Justice SPOMER,Justice,SPOMER
Justice STAMOS | Justice STAMOS,Justice,STAMOS
Justice STAMOS | Justice STAMOS,Justice,STAMOS
Justice STAMOS | Justice STAMOS,Justice,STAMOS
Justice STEELE | Justice STEELE,Justice,STEELE
Justice STEELE | Justice STEELE,Justice,STEELE
Justice STEIGMAN'N | Justice STEIGMAN'N,Justice,STEIGMAN'N
Justice STEIGMANN | Justice STEIGMANN,Justice,STEIGMANN
Justice STEIGMANN | Justice STEIGMANN,Justice,STEIGMANN
Justice STEWART | Justice STEWART,Justice,STEWART
Justice STEWART | Justice STEWART,Justice,STEWART
Justice STEWART | Justice STEWART,Justice,STEWART
Justice STOUDER | Justice STOUDER,Justice,STOUDER
Justice STOUDER | Justice STOUDER,Justice,STOUDER
Justice STOUDER | Justice STOUDER,Justice,STOUDER
Justice STROUSE | Justice STROUSE,Justice,STROUSE
Justice STROUSE | Justice STROUSE,Justice,STROUSE
Justice SULLIVAN | Justice SULLIVAN,Justice,SULLIVAN
Justice SULLIVAN | Justice SULLIVAN,Justice,SULLIVAN
Justice SULLIVAN | Justice SULLIVAN,Justice,SULLIVAN
Justice SULLIYAN | Justice SULLIYAN,Justice,SULLIYAN
Justice SULLRAN | Justice SULLRAN,Justice,SULLRAN
Justice THEIS | Justice THEIS,Justice,THEIS
Justice THEIS | Justice THEIS,Justice,THEIS
Justice THOMAS | Justice THOMAS,Justice,THOMAS
Justice THOMAS | Justice THOMAS,Justice,THOMAS
Justice TOOMIN | Justice TOOMIN,Justice,TOOMIN
Justice TRAPP | Justice TRAPP,Justice,TRAPP
Justice TRAPP | Justice TRAPP,Justice,TRAPP
Justice TRAPP | Justice TRAPP,Justice,TRAPP
Justice TULLY | Justice TULLY,Justice,TULLY
Justice TULLY | Justice TULLY,Justice,TULLY
Justice TURNER | Justice TURNER,Justice,TURNER
Justice TURNER | Justice TURNER,Justice,TURNER
Justice UNDERWOOD | Justice UNDERWOOD,Justice,UNDERWOOD
Justice UNDERWOOD | Justice UNDERWOOD,Justice,UNDERWOOD
Justice UNVERZAGT | Justice UNVERZAGT,Justice,UNVERZAGT
Justice UNVERZAGT | Justice UNVERZAGT,Justice,UNVERZAGT
Justice UNYERZAGT | Justice UNYERZAGT,Justice,UNYERZAGT
Justice VIRGILIO | Justice VIRGILIO,Justice,VIRGILIO
Justice WARD | Justice WARD,Justice,WARD
Justice WARD | Justice WARD,Justice,WARD
Justice WEBBER | Justice WEBBER,Justice,WEBBER
Justice WEBBER | Justice WEBBER,Justice,WEBBER
Justice WEBER | Justice WEBER,Justice,WEBER
Justice WEIGHT | Justice WEIGHT,Justice,WEIGHT
Justice WELCH | Justice WELCH,Justice,WELCH
Justice WELCH | Justice WELCH,Justice,WELCH
Justice WELCH | Justice WELCH,Justice,WELCH
Justice WEXSTTEN | Justice WEXSTTEN,Justice,WEXSTTEN
Justice WEXSTTEN | Justice WEXSTTEN,Justice,WEXSTTEN
Justice WEXSTTEN | Justice WEXSTTEN,Justice,WEXSTTEN
Justice WHITE | Justice WHITE,Justice,WHITE
Justice WHITE | Justice WHITE,Justice,WHITE
Justice WHITE | Justice WHITE,Justice,WHITE
Justice WILSON | Justice WILSON,Justice,WILSON
Justice WILSON | Justice WILSON,Justice,WILSON
Justice WOLFSON | Justice WOLFSON,Justice,WOLFSON
Justice WOLFSON | Justice WOLFSON,Justice,WOLFSON
Justice WOLFSON | Justice WOLFSON,Justice,WOLFSON
Justice WOMBACHER | Justice WOMBACHER,Justice,WOMBACHER
Justice WOMBACHER | Justice WOMBACHER,Justice,WOMBACHER
Justice WOMBACHER | Justice WOMBACHER,Justice,WOMBACHER
Justice WOMBACHER | Justice WOMBACHER,Justice,WOMBACHER
Justice WOOD'WARD | Justice WOOD'WARD,Justice,WOOD'WARD
Justice WOODARD | Justice WOODARD,Justice,WOODARD
Justice WOODWARD | Justice WOODWARD,Justice,WOODWARD
Justice WOODWARD | Justice WOODWARD,Justice,WOODWARD
Justice WRIGHT | Justice WRIGHT,Justice,WRIGHT
Justice WRIGHT | Justice WRIGHT,Justice,WRIGHT
Justice WRIGHT | Justice WRIGHT,Justice,WRIGHT
Justice YARD | Justice YARD,Justice,YARD
Justice YARD | Justice YARD,Justice,YARD
Justice YONTZ | Justice YONTZ,Justice,YONTZ
Justice ZENOFF | Justice ZENOFF,Justice,ZENOFF
Justice ZWICK | Justice ZWICK,Justice,ZWICK
Justice ZWICK | Justice ZWICK,Justice,ZWICK
Justice ZWICK | Justice ZWICK,Justice,ZWICK
Justice EARNS | Justice EARNS,Justice,EARNS
Justice GEIGER | Justice GEIGER,Justice,GEIGER
Justice WELCH | Justice WELCH,Justice,WELCH
Justice McCUSKEY | Justice McCUSKEY,Justice,McCUSKEY
Justice INGLIS | Justice INGLIS,Justice,INGLIS
Justice BURKE | Justice BURKE,Justice,BURKE
Justice BURMAN | Justice BURMAN,Justice,BURMAN
Justice CORYN | Justice CORYN,Justice,CORYN
Justice DEMPSEY | Justice DEMPSEY,Justice,DEMPSEY
Justice DOVE | Justice DOVE,Justice,DOVE
Justice EOVALDI | Justice EOVALDI,Justice,EOVALDI
Justice FEINBERG | Justice FEINBERG,Justice,FEINBERG
Justice FRIEND | Justice FRIEND,Justice,FRIEND
Justice KILEY | Justice KILEY,Justice,KILEY
Justice MORAN | Justice MORAN,Justice,MORAN
Justice MURPHY | Justice MURPHY,Justice,MURPHY
Justice McCORMICK | Justice McCORMICK,Justice,McCORMICK
Justice McNEAL | Justice McNEAL,Justice,McNEAL
Justice ROBSON | Justice ROBSON,Justice,ROBSON
Justice SCHWARTZ | Justice SCHWARTZ,Justice,SCHWARTZ
Justice Burks | Justice Burks,Justice,Burks
Justice CULBERTSON | Justice CULBERTSON,Justice,CULBERTSON
Justice Crabtree | Justice Crabtree,Justice,Crabtree
Justice J. W. Williams | Justice J. W. Williams,Justice,J.,W.,Williams
Justice Moore | Justice Moore,Justice,Moore
Justice Tulby | Justice Tulby,Justice,Tulby
Justice O'Connor | Justice O'Connor,Justice,O'Connor
Justice Adams | Justice Adams,Justice,Adams
Justice Andbbson | Justice Andbbson,Justice,Andbbson
Justice Anderson | Justice Anderson,Justice,Anderson
Justice Babdens | Justice Babdens,Justice,Babdens
Justice Bardens | Justice Bardens,Justice,Bardens
Justice Bartley | Justice Bartley,Justice,Bartley
Justice Beynolds | Justice Beynolds,Justice,Beynolds
Justice Biess | Justice Biess,Justice,Biess
Justice Bkistow | Justice Bkistow,Justice,Bkistow
Justice Bobson | Justice Bobson,Justice,Bobson
Justice Bristow | Justice Bristow,Justice,Bristow
Justice Browne | Justice Browne,Justice,Browne
Justice Browne | Justice Browne,Justice,Browne
Justice Bubke | Justice Bubke,Justice,Bubke
Justice Burke | Justice Burke,Justice,Burke
Justice C. H. Linscott | Justice C. H. Linscott,Justice,C.,H.,Linscott
Justice Cakkoll | Justice Cakkoll,Justice,Cakkoll
Justice Carroll | Justice Carroll,Justice,Carroll
Justice Culbertson | Justice Culbertson,Justice,Culbertson
Justice Culbertson | Justice Culbertson,Justice,Culbertson
Justice Culbertson | Justice Culbertson,Justice,Culbertson
Justice Dadt | Justice Dadt,Justice,Dadt
Justice Dady | Justice Dady,Justice,Dady
Justice Dove | Justice Dove,Justice,Dove
Justice Dove | Justice Dove,Justice,Dove
Justice Eeinberg | Justice Eeinberg,Justice,Eeinberg
Justice Emend | Justice Emend,Justice,Emend
Justice Eribnd | Justice Eribnd,Justice,Eribnd
Justice Eriend | Justice Eriend,Justice,Eriend
Justice Feikbbrg | Justice Feikbbrg,Justice,Feikbbrg
Justice Feinbbrg | Justice Feinbbrg,Justice,Feinbbrg
Justice Feinbebg | Justice Feinbebg,Justice,Feinbebg
Justice Feinbebs | Justice Feinbebs,Justice,Feinbebs
Justice Feinberg | Justice Feinberg,Justice,Feinberg
Justice Feinberg | Justice Feinberg,Justice,Feinberg
Justice Feznberg | Justice Feznberg,Justice,Feznberg
Justice Fieinberg | Justice Fieinberg,Justice,Fieinberg
Justice Freeman | Justice Freeman,Justice,Freeman
Justice Friend | Justice Friend,Justice,Friend
Justice Fulton | Justice Fulton,Justice,Fulton
Justice Hatchett | Justice Hatchett,Justice,Hatchett
Justice Hates | Justice Hates,Justice,Hates
Justice Hayes | Justice Hayes,Justice,Hayes
Justice HcSurely | Justice HcSurely,Justice,HcSurely
Justice Hebbl | Justice Hebbl,Justice,Hebbl
Justice Hebel | Justice Hebel,Justice,Hebel
Justice Hibbs | Justice Hibbs,Justice,Hibbs
Justice Hollebich | Justice Hollebich,Justice,Hollebich
Justice Hollerioh | Justice Hollerioh,Justice,Hollerioh
Justice Hubtman | Justice Hubtman,Justice,Hubtman
Justice Huefman | Justice Huefman,Justice,Huefman
Justice Huffman | Justice Huffman,Justice,Huffman
Justice Huffman | Justice Huffman,Justice,Huffman
Justice Kilby | Justice Kilby,Justice,Kilby
Justice Kilet | Justice Kilet,Justice,Kilet
Justice Kiley | Justice Kiley,Justice,Kiley
Justice Lewe | Justice Lewe,Justice,Lewe
Justice Lews | Justice Lews,Justice,Lews
Justice Lews | Justice Lews,Justice,Lews
Justice Lockwood | Justice Lockwood,Justice,Lockwood
Justice Lupe | Justice Lupe,Justice,Lupe
Justice Matchect | Justice Matchect,Justice,Matchect
Justice Matchett | Justice Matchett,Justice,Matchett
Justice Matchett | Justice Matchett,Justice,Matchett
Justice Matchett | Justice Matchett,Justice,Matchett
Justice Matohett | Justice Matohett,Justice,Matohett
Justice McSubelt | Justice McSubelt,Justice,McSubelt
Justice McSubely | Justice McSubely,Justice,McSubely
Justice McSueely | Justice McSueely,Justice,McSueely
Justice McSurbly | Justice McSurbly,Justice,McSurbly
Justice McSurelt | Justice McSurelt,Justice,McSurelt
Justice McSurely | Justice McSurely,Justice,McSurely
Justice McSurkly | Justice McSurkly,Justice,McSurkly
Justice McSurely | Justice McSurely,Justice,McSurely
Justice MoSurely | Justice MoSurely,Justice,MoSurely
Justice Neimeyer | Justice Neimeyer,Justice,Neimeyer
Justice Nibmeyer | Justice Nibmeyer,Justice,Nibmeyer
Justice Nieheyer | Justice Nieheyer,Justice,Nieheyer
Justice Niekeyer | Justice Niekeyer,Justice,Niekeyer
Justice Niembyer | Justice Niembyer,Justice,Niembyer
Justice Niemeyeb | Justice Niemeyeb,Justice,Niemeyeb
Justice Niemeyee | Justice Niemeyee,Justice,Niemeyee
Justice Niemeyer | Justice Niemeyer,Justice,Niemeyer
Justice Nieaieyer | Justice Nieaieyer,Justice,Nieaieyer
Justice Niembyer | Justice Niembyer,Justice,Niembyer
Justice Niemeyeb | Justice Niemeyeb,Justice,Niemeyeb
Justice Niemeyer | Justice Niemeyer,Justice,Niemeyer
Justice O'Connor | Justice O'Connor,Justice,O'Connor
Justice O'Con-nor | Justice O'Con-nor,Justice,O'Con-nor
Justice O'Connor | Justice O'Connor,Justice,O'Connor
Justice O'Connor | Justice O'Connor,Justice,O'Connor
Justice O'Connor | Justice O'Connor,Justice,O'Connor
Justice O'Connor | Justice O'Connor,Justice,O'Connor
Justice Peinberg | Justice Peinberg,Justice,Peinberg
Justice Reynolds | Justice Reynolds,Justice,Reynolds
Justice Riess | Justice Riess,Justice,Riess
Justice Robson | Justice Robson,Justice,Robson
Justice Scandan | Justice Scandan,Justice,Scandan
Justice Scanlan | Justice Scanlan,Justice,Scanlan
Justice Scanlan | Justice Scanlan,Justice,Scanlan
Justice Schbineman | Justice Schbineman,Justice,Schbineman
Justice Schbineman | Justice Schbineman,Justice,Schbineman
Justice Schehsteman | Justice Schehsteman,Justice,Schehsteman
Justice Scheineman | Justice Scheineman,Justice,Scheineman
Justice Scheineman | Justice Scheineman,Justice,Scheineman
Justice Schwartz | Justice Schwartz,Justice,Schwartz
Justice Scanlan | Justice Scanlan,Justice,Scanlan
Justice Sganlan | Justice Sganlan,Justice,Sganlan
Justice Smith | Justice Smith,Justice,Smith
Justice Smith | Justice Smith,Justice,Smith
Justice Soanlan | Justice Soanlan,Justice,Soanlan
Justice Soheinbman | Justice Soheinbman,Justice,Soheinbman
Justice Stone | Justice Stone,Justice,Stone
Justice Suanlan | Justice Suanlan,Justice,Suanlan
Justice Sullivan | Justice Sullivan,Justice,Sullivan
Justice Sullivan | Justice Sullivan,Justice,Sullivan
Justice Tuoht | Justice Tuoht,Justice,Tuoht
Justice Tuohy | Justice Tuohy,Justice,Tuohy
Justice Wheat | Justice Wheat,Justice,Wheat
Justice Wilson | Justice Wilson,Justice,Wilson
Justice Windes | Justice Windes,Justice,Windes
Justice Wolee | Justice Wolee,Justice,Wolee
Justice Wolfe | Justice Wolfe,Justice,Wolfe
Justice Worthington | Justice Worthington,Justice,Worthington
Justice Lews | Justice Lews,Justice,Lews
Justice Kiley | Justice Kiley,Justice,Kiley
Justice Wolfe | Justice Wolfe,Justice,Wolfe
Justice Dove | Justice Dove,Justice,Dove
Justice Kilby | Justice Kilby,Justice,Kilby
Justice O'Connor | Justice O'Connor,Justice,O'Connor
Justice Bartley | Justice Bartley,Justice,Bartley
Justice Bristow | Justice Bristow,Justice,Bristow
Justice Burke | Justice Burke,Justice,Burke
Justice Dove | Justice Dove,Justice,Dove
Justice Friend | Justice Friend,Justice,Friend
Justice Hebel | Justice Hebel,Justice,Hebel
Justice Kiley | Justice Kiley,Justice,Kiley
Justice Lupe | Justice Lupe,Justice,Lupe
Justice Matchett | Justice Matchett,Justice,Matchett
Justice McSurely | Justice McSurely,Justice,McSurely
Justice Niemeyer | Justice Niemeyer,Justice,Niemeyer
Justice O'Connor | Justice O'Connor,Justice,O'Connor
Justice Scandan | Justice Scandan,Justice,Scandan
Justice Scanlan | Justice Scanlan,Justice,Scanlan
Justice Tuohy | Justice Tuohy,Justice,Tuohy
Justice BRESLIN | Justice BRESLIN,Justice,BRESLIN
Chief Justice Duncan | Chief Justice Duncan,Chief Justice,Duncan
Justice Freeman | Justice Freeman,Justice,Freeman
Justice Ceetghton | Justice Ceetghton,Justice,Ceetghton
Justice Freeman | Justice Freeman,Justice,Freeman
Justice Scott | Justice Scott,Justice,Scott
Justice SPOMEE | Justice SPOMEE,Justice,SPOMEE
Justice SPOMER | Justice SPOMER,Justice,SPOMER
Justice SPOMER | Justice SPOMER,Justice,SPOMER
Justice Burke | Justice Burke,Justice,Burke
Justice Culbertson | Justice Culbertson,Justice,Culbertson
Justice Dady | Justice Dady,Justice,Dady
Justice Dove | Justice Dove,Justice,Dove
Justice Eriend | Justice Eriend,Justice,Eriend
Justice Friend | Justice Friend,Justice,Friend
Justice Friend | Justice Friend,Justice,Friend
Justice Fulton | Justice Fulton,Justice,Fulton
Justice Hayes | Justice Hayes,Justice,Hayes
Justice Hebel | Justice Hebel,Justice,Hebel
Justice Huffman | Justice Huffman,Justice,Huffman
Justice Huffman | Justice Huffman,Justice,Huffman
Justice Kiley | Justice Kiley,Justice,Kiley
Justice Matchett | Justice Matchett,Justice,Matchett
Justice McSurely | Justice McSurely,Justice,McSurely
Justice O'Connor | Justice O'Connor,Justice,O'Connor
Justice O'Connor | Justice O'Connor,Justice,O'Connor
Justice Riess | Justice Riess,Justice,Riess
Justice Scanlan | Justice Scanlan,Justice,Scanlan
Justice Scanlan | Justice Scanlan,Justice,Scanlan
Justice Sullivan | Justice Sullivan,Justice,Sullivan
Justice O'Connor | Justice O'Connor,Justice,O'Connor
Justice Scanlan | Justice Scanlan,Justice,Scanlan
Justice Hates | Justice Hates,Justice,Hates
Justice Wall | Justice Wall,Justice,Wall
Justice Dady | Justice Dady,Justice,Dady
Justice HIBBS | Justice HIBBS,Justice,HIBBS
Justice FBIEND | Justice FBIEND,Justice,FBIEND
Justice BBYANT | Justice BBYANT,Justice,BBYANT
Justice MUEPHY | Justice MUEPHY,Justice,MUEPHY
Justice MOEAN | Justice MOEAN,Justice,MOEAN
Justice LUND | Justice LUND,Justice,LUND
Justice O'Connob | Justice O'Connob,Justice,O'Connob
Justice Dady | Justice Dady,Justice,Dady
Justice Dove | Justice Dove,Justice,Dove
Justice Creighton | Justice Creighton,Justice,Creighton
Justice Freeman | Justice Freeman,Justice,Freeman
Justice Gary | Justice Gary,Justice,Gary
Justice Thompson | Justice Thompson,Justice,Thompson
Justice WOODWARD | Justice WOODWARD,Justice,WOODWARD
Justice RATHJE | Justice RATHJE,Justice,RATHJE
