BRYANT, PJ | BRYANT, PJ,BRYANT,, PJ
BURKE, P. J., | BURKE, P. J.,,BURKE,, P. J.
BURMAN, P. J., | BURMAN, P. J.,,BURMAN,, P. J.
Bait.ey, P. J | Bait.ey, P. J,Bait.ey,, P. J
Barnes, P. J., | Barnes, P. J.,,Barnes,, P. J.
COOK., P.J | COOK., P.J,COOK.,, P.J
CROW, PJ | CROW, PJ,CROW,, PJ
CULBERTSON, PJ | CULBERTSON, PJ,CULBERTSON,, PJ
Coegeb, F. J | Coegeb, F. J,Coegeb,, F. J
ENGLISH, PJ | ENGLISH, PJ,ENGLISH,, PJ
FEINBERG-, P. J. | FEINBERG-, P. J.,FEINBERG-,, P. J.
Fills'subt, F. J | Fills'subt, F. J,Fills'subt,, F. J
G-been, F. J | G-been, F. J,G-been,, F. J
G-been, P. J | G-been, P. J,G-been,, P. J
Gbeeit, F. J | Gbeeit, F. J,Gbeeit,, F. J
Greek, P, J | Greek, P, J,Greek,, P, J
HAiu~ER, P. J | HAiu~ER, P. J,HAiu~ER,, P. J
Hall, P. J., | Hall, P. J.,,Hall,, P. J.
Hatchett, P. J., | Hatchett, P. J.,,Hatchett,, P. J.
JONES, P. J., | JONES, P. J.,,JONES,, P. J.
Keener, P. J., | Keener, P. J.,,Keener,, P. J.
Kerner, P. J., | Kerner, P. J.,,Kerner,, P. J.
MUBPHY, P. J., | MUBPHY, P. J.,,MUBPHY,, P. J.
Matchett, P. J., | Matchett, P. J.,,Matchett,, P. J.
Matchett, P. J., | Matchett, P. J.,,Matchett,, P. J.
McCULLOUGH, P.J., | McCULLOUGH, P.J.,,McCULLOUGH,, P.J
McNEAL, PJ | McNEAL, PJ,McNEAL,, PJ
O'Connor, P. J | O'Connor, P. J,O'Connor,, P. J
O'Connor, P. J., | O'Connor, P. J.,,O'Connor,, P. J.
SCHEINEMAN, PJ | SCHEINEMAN, PJ,SCHEINEMAN,, PJ
SMITH, P. J., | SMITH, P. J.,,SMITH,, P. J.
SULLIVAN, P. J., | SULLIVAN, P. J.,,SULLIVAN,, P. J.
Scanlan, P. J., | Scanlan, P. J.,,Scanlan,, P. J.
Shepard, P. J., | Shepard, P. J.,,Shepard,, P. J.
Sullivan, P. J., | Sullivan, P. J.,,Sullivan,, P. J.
Taylor, P. J., | Taylor, P. J.,,Taylor,, P. J.
Tuohy, P. J., | Tuohy, P. J.,,Tuohy,, P. J.
WRIGHT, P. J. | WRIGHT, P. J.,WRIGHT,, P. J.
Watebmah, F. J | Watebmah, F. J,Watebmah,, F. J
Waterm'an, P. J | Waterm'an, P. J,Waterm'an,, P. J
Waterman, F. J | Waterman, F. J,Waterman,, F. J
Wilkin, F. J | Wilkin, F. J,Wilkin,, F. J
Wilson, P. J., | Wilson, P. J.,,Wilson,, P. J.
